label,hour,weekday,is_weekend,is_night,is_buy,asset_hash,is_forex,is_crypto,is_otc,expiration_seconds,exp_minutes,is_short_exp,is_long_exp,trade_amount_normalized,is_high_amount,rsi,rsi_oversold,rsi_overbought,ema20,ema50,price_above_ema20,price_above_ema50,ema_bullish,atr,volatility_10,volatility_ratio,body_ratio,upper_shadow_ratio,lower_shadow_ratio,is_doji,is_hammer,is_shooting_star,momentum_5
1,0,6,1,1,1,716,1,0,0,60.0,1.0,1,0,1.0,0,38.31392933487556,0,0,1.1200850741776176,1.1217413785746104,0,0,0,0.0018384381793858135,0.00125192517293607,0.6809720984238393,0.8002037564061135,0.006111726216753927,0.19368451737713258,0,0,0,0.0018138100735730716
1,0,6,1,1,1,716,1,0,0,60.0,1.0,1,0,1.0,0,38.31392933499692,0,0,1.1201149022815682,1.1217712507863002,0,0,0,0.0018384871373859119,0.0012519585119699379,0.6809720984248218,0.800203756405955,0.0061117262168198586,0.1936845173772251,0,0,0,0.0018138100735732106
1,0,6,1,1,0,716,1,0,0,300.0,5.0,1,0,1.0,0,38.31392932993018,0,0,1.1188720646169297,1.1205265752992173,0,0,0,0.0018364472207169319,0.0012505693855597209,0.6809720983836934,0.800203756406023,0.006111726216822897,0.1936845173771541,0,0,0,0.0018138100735730354
0,0,6,1,1,0,84,1,0,0,600.0,10.0,0,0,1.0,0,38.3139260181173,0,0,0.648512693408446,0.6494716691598071,0,0,0,0.001064428517855027,0.0007248461608531701,0.6809720714892435,0.8002037564059885,0.006111726216863939,0.1936845173771476,0,0,0,0.0018138100734549512
1,0,6,1,1,0,84,1,0,0,600.0,10.0,0,0,1.0,0,38.31392602367176,0,0,0.6489700576690329,0.649929709739054,0,0,0,0.00106517920718919,0.000725357359372167,0.6809720715343693,0.800203756406071,0.006111726216829367,0.19368451737709957,0,0,0,0.001813810073455422
0,0,0,0,1,0,84,1,0,0,300.0,5.0,1,0,1.0,0,38.31392602535842,0,0,0.6491092554874724,0.6500691133936068,0,0,0,0.0010654076778561148,0.0007255129415300819,0.6809720715480487,0.800203756406091,0.006111726216766472,0.1936845173771426,0,0,0,0.0018138100734553563
0,0,0,0,1,0,84,1,0,0,300.0,5.0,1,0,1.0,0,38.31392602801098,0,0,0.649327994916449,0.6502881762793336,0,0,0,0.0010657667031898316,0.000725757427778278,0.6809720715695889,0.8002037564059963,0.006111726216810254,0.19368451737719353,0,0,0,0.0018138100734554246
1,0,0,0,1,0,84,1,0,0,300.0,5.0,1,0,1.0,0,38.313926034029755,0,0,0.6498251299823045,0.650786046474167,0,0,0,0.0010665826698574457,0.0007263130783423863,0.680972071618466,0.8002037564059814,0.006111726216927293,0.19368451737709133,0,0,0,0.001813810073455532
0,0,0,0,1,0,84,1,0,0,300.0,5.0,1,0,1.0,0,38.31392603354764,0,0,0.6497853591770361,0.6507462168585805,0,0,0,0.001066517392524042,0.0007262686262972605,0.6809720716145578,0.8002037564061187,0.006111726216774539,0.19368451737710676,0,0,0,0.0018138100734555508
0,0,0,0,1,0,84,1,0,0,300.0,5.0,1,0,1.0,0,38.31392605670032,0,0,0.6517043005312377,0.6526679958106361,0,0,0,0.001069667023860878,0.0007284134374746315,0.6809720718025636,0.8002037564060294,0.006111726216777446,0.19368451737719322,0,0,0,0.0018138100734566129
0,0,0,0,1,0,84,1,0,0,300.0,5.0,1,0,1.0,0,38.31392605334825,0,0,0.6514259048943587,0.6523891885015295,0,0,0,0.0010692100825270437,0.0007281022731587764,0.680972071775383,0.8002037564059897,0.006111726216902766,0.19368451737710754,0,0,0,0.0018138100734564023
1,0,0,0,1,0,716,1,0,0,300.0,5.0,1,0,1.0,0,38.31392933451214,0,0,1.1199955898657643,1.1216517619395405,0,0,0,0.001838291305385645,0.0012518251558345072,0.6809720984208669,0.800203756405985,0.006111726216785548,0.19368451737722947,0,0,0,0.0018138100735732544
0,0,0,0,1,0,84,1,0,0,300.0,5.0,1,0,1.0,0,38.31392605334825,0,0,0.6514259048943587,0.6523891885015295,0,0,0,0.0010692100825270437,0.0007281022731587764,0.680972071775383,0.8002037564059897,0.006111726216902766,0.19368451737710754,0,0,0,0.0018138100734564023
1,0,0,0,1,0,716,1,0,0,300.0,5.0,1,0,1.0,0,38.31392933061992,0,0,1.119041090539321,1.1206958511654617,0,0,0,0.0018367246493839076,0.001250758306751494,0.6809720983892854,0.8002037564061317,0.006111726216739012,0.19368451737712924,0,0,0,0.0018138100735728207
1,0,0,0,1,0,84,1,0,0,300.0,5.0,1,0,1.0,0,38.31392606542179,0,0,0.652430117727387,0.6533948862950926,0,0,0,0.0010708583351955617,0.0007292246872981955,0.680972071873369,0.8002037564060556,0.006111726216777193,0.19368451737716724,0,0,0,0.0018138100734568661
1,0,0,0,1,0,716,1,0,0,300.0,5.0,1,0,1.0,0,38.313929326438696,0,0,1.118016992303658,1.1196702385641046,0,0,0,0.00183504375804866,0.0012496136665894868,0.6809720983553466,0.8002037564061681,0.006111726216766685,0.19368451737706513,0,0,0,0.0018138100735730616
0,0,0,0,1,0,84,1,0,0,300.0,5.0,1,0,1.0,0,38.3139260705492,0,0,0.6528576538840226,0.6538230546626492,0,0,0,0.001071560066529666,0.0007297025467833323,0.6809720719150404,0.8002037564060906,0.006111726216826572,0.19368451737708278,0,0,0,0.0018138100734570914
0,0,0,0,1,0,716,1,0,0,300.0,5.0,1,0,1.0,0,38.313929325138055,0,0,1.1176988258615113,1.1193516016394107,0,0,0,0.0018345215393814776,0.0012492580502284538,0.680972098344749,0.8002037564060155,0.006111726216750201,0.19368451737723433,0,0,0,0.0018138100735727832
0,0,0,0,1,0,84,1,0,0,300.0,5.0,1,0,1.0,0,38.31392606506393,0,0,0.6524002896234358,0.6533650140834025,0,0,0,0.0010708093771954871,0.0007291913482643515,0.6809720718704755,0.8002037564059687,0.0061117262168621555,0.1936845173771691,0,0,0,0.0018138100734567957
0,0,0,0,1,0,716,1,0,0,300.0,5.0,1,0,1.0,0,38.31392932765771,0,0,1.1183152733431725,1.1199689606810048,0,0,0,0.0018355333380492159,0.0012499470569278985,0.6809720983652185,0.8002037564061629,0.006111726216737713,0.19368451737709932,0,0,0,0.0018138100735730462
0,0,0,0,1,0,84,1,0,0,300.0,5.0,1,0,1.0,0,38.31392607840706,0,0,0.6535138721709518,0.6544802433198283,0,0,0,0.0010726371425308792,0.0007304360055279205,0.6809720719788382,0.8002037564060074,0.006111726216757979,0.19368451737723463,0,0,0,0.0018138100734571227
0,0,0,0,1,0,7,1,0,0,300.0,5.0,1,0,1.0,0,38.31393360880032,0,0,17.781228754478533,17.80752240667421,0,0,0,0.02918500618591732,0.019874175985971267,0.6809721331312915,0.800203756406019,0.006111726216876982,0.193684517377104,0,0,0,0.001813810073725073
0,0,0,0,1,0,716,1,0,0,300.0,5.0,1,0,1.0,0,38.313929332809025,0,0,1.1195779964104442,1.12123355097588,0,0,0,0.0018376058933849018,0.0012513584093606944,0.6809720984070533,0.8002037564060666,0.006111726216778745,0.1936845173771547,0,0,0,0.0018138100735729172
1,0,0,0,1,0,84,1,0,0,300.0,5.0,1,0,1.0,0,38.31392608446806,0,0,0.6540209499381242,0.6549880709185578,0,0,0,0.0010734694285318227,0.0007310027691032916,0.6809720720280521,0.8002037564059287,0.0061117262169131615,0.19368451737715814,0,0,0,0.0018138100734574802
0,0,0,0,1,0,7,1,0,0,300.0,5.0,1,0,1.0,0,38.31393360920723,0,0,17.806284361797655,17.832615064493794,0,0,0,0.029226130905961916,0.019902180774401184,0.6809721331346008,0.8002037564060385,0.006111726216901448,0.19368451737706005,0,0,0,0.0018138100737254375
0,0,0,0,1,0,716,1,0,0,300.0,5.0,1,0,1.0,0,38.313929337142014,0,0,1.1206418654513752,1.1222989931928231,0,0,0,0.0018393520620535453,0.0012525475015678171,0.6809720984422092,0.8002037564059737,0.006111726216838967,0.19368451737718725,0,0,0,0.0018138100735732591
0,0,0,0,1,0,7,1,0,0,300.0,5.0,1,0,1.0,0,38.31393360940655,0,0,17.81881216545722,17.8451613934036,0,0,0,0.029246693265985866,0.0199161831686175,0.6809721331362599,0.8002037564059781,0.006111726216795429,0.1936845173772265,0,0,0,0.001813810073725219
1,0,0,0,1,0,84,1,0,0,600.0,10.0,0,0,1.0,0,38.313926064943516,0,0,0.6523903469221187,0.653355056679506,0,0,0,0.0010707930578621341,0.0007291802352530651,0.6809720718695028,0.800203756405993,0.006111726216824423,0.1936845173771826,0,0,0,0.001813810073456714
1,0,0,0,1,0,869,1,0,0,300.0,5.0,1,0,1.0,0,38.313930099751936,0,0,1.3457545659720447,1.347744574817158,0,0,0,0.0022088380884660425,0.0015041571899983178,0.6809721046351974,0.8002037564060293,0.00611172621685754,0.19368451737711323,0,0,0,0.0018138100736004004
0,0,0,0,1,0,869,1,0,0,300.0,5.0,1,0,1.0,0,38.3139300952583,0,0,1.3441637337613064,1.346151390193691,0,0,0,0.002206226995129782,0.0015023791081932338,0.6809721045987135,0.800203756406091,0.006111726216791478,0.1936845173771176,0,0,0,0.001813810073600107
1,0,0,0,1,1,716,1,0,0,600.0,10.0,0,0,1.0,0,38.313929336655356,0,0,1.1205225530355696,1.1221795043460632,0,0,0,0.0018391562300532627,0.00125241414543249,0.6809720984383201,0.8002037564060037,0.006111726216804675,0.1936845173771916,0,0,0,0.0018138100735731052
1,0,0,0,1,1,84,1,0,0,600.0,10.0,0,0,1.0,0,38.3139260616001,0,0,0.6521119512852396,0.6530762493703994,0,0,0,0.001070336116528284,0.0007288690709371776,0.6809720718423592,0.8002037564059533,0.0061117262169496315,0.19368451737709702,0,0,0,0.0018138100734565045
1,0,0,0,1,1,84,1,0,0,600.0,10.0,0,0,1.0,0,38.31392607233625,0,0,0.6530067944037794,0.6539724157210992,0,0,0,0.0010718048565299437,0.0007298692419525352,0.6809720719295296,0.8002037564060464,0.0061117262168029676,0.19368451737715064,0,0,0,0.0018138100734569355
1,0,0,0,1,1,84,1,0,0,300.0,5.0,1,0,1.0,0,38.31392607531235,0,0,0.6532553619367067,0.6542213508185154,0,0,0,0.001072212839863727,0.0007301470672345956,0.6809720719537237,0.800203756406039,0.006111726216761623,0.19368451737719938,0,0,0,0.0018138100734569043
0,0,0,0,1,0,716,1,0,0,600.0,10.0,0,0,1.0,0,38.3139293381125,0,0,1.1208804902829859,1.1225379708863434,0,0,0,0.001839743726053936,0.0012528142138385995,0.680972098450119,0.8002037564058675,0.00611172621690895,0.1936845173772235,0,0,0,0.001813810073573168
1,0,0,0,1,1,84,1,0,0,600.0,10.0,0,0,1.0,0,38.313926068762555,0,0,0.6527085133642657,0.653673693604199,0,0,0,0.001071315276529396,0.0007295358516140924,0.680972071900505,0.8002037564059357,0.006111726216850187,0.19368451737721418,0,0,0,0.0018138100734570771
0,0,0,0,1,1,264,1,0,0,600.0,10.0,0,0,1.0,0,38.313933862438866,0,0,151.660000270393,151.8842645973508,0,0,0,0.24892531934457093,0.16951120628529842,0.6809721351911092,0.8002037564059237,0.006111726216880507,0.1936845173771958,0,0,0,0.0018138100737344859
1,0,0,0,1,1,264,1,0,0,600.0,10.0,0,0,1.0,0,38.31393386239516,0,0,151.4671118648411,151.69109096175552,0,0,0,0.24860872427755357,0.16929561386642317,0.6809721351907172,0.8002037564060253,0.006111726216765368,0.19368451737720935,0,0,0,0.0018138100737341819
0,0,0,0,1,1,264,1,0,0,600.0,10.0,0,0,1.0,0,38.31393386243342,0,0,151.63216070670526,151.8563838664402,0,0,0,0.2488796252112004,0.1694800898536999,0.6809721351909827,0.8002037564059492,0.006111726216859462,0.19368451737719133,0,0,0,0.0018138100737343861
0,0,0,0,1,1,7,1,0,0,600.0,10.0,0,0,1.0,0,38.3139336100881,0,0,17.86126750008127,17.887679508042336,0,0,0,0.029316376819395935,0.01996363572679011,0.680972133141801,0.8002037564060019,0.006111726216934526,0.1936845173770635,0,0,0,0.0018138100737253144
0,0,0,0,1,1,7,1,0,0,600.0,10.0,0,0,1.0,0,38.31393360998646,0,0,17.854904171238328,17.881306769548477,0,0,0,0.0293059324460526,0.01995652339956956,0.680972133140927,0.8002037564060089,0.006111726216740173,0.1936845173772509,0,0,0,0.0018138100737251199
1,0,0,0,1,1,533,1,0,0,600.0,10.0,0,0,1.0,0,38.313933894749866,0,0,3715.2593730602357,3720.753241854164,0,0,0,6.097996335474688,4.152565586623693,0.6809721354534638,0.800203756406035,0.006111726216824749,0.19368451737714024,0,0,0,0.0018138100737353797
0,0,0,0,1,1,716,1,0,0,600.0,10.0,0,0,1.0,0,38.31392933037816,0,0,1.118981434331418,1.1206361067420811,0,0,0,0.0018366267333837902,0.0012506916286837992,0.6809720983873095,0.800203756406077,0.00611172621683666,0.1936845173770864,0,0,0,0.0018138100735731425
1,0,0,0,1,1,188,0,0,0,600.0,10.0,0,0,1.0,0,38.313927808803655,0,0,0.8392833035798196,0.8405243777250695,0,0,0,0.0013775475668712828,0.000938071508316426,0.6809720860309648,0.8002037564059797,0.0061117262168224155,0.19368451737719786,0,0,0,0.0018138100735187253
1,0,0,0,1,0,264,1,0,0,600.0,10.0,0,0,1.0,0,38.3139338624372,0,0,151.6520461093394,151.8762986742335,0,0,0,0.24891226387789597,0.16950231587627004,0.6809721351910658,0.8002037564060565,0.00611172621674998,0.19368451737719353,0,0,0,0.0018138100737344568
1,0,0,0,1,0,264,1,0,0,600.0,10.0,0,0,1.0,0,38.3139338624217,0,0,151.58045865985628,151.80460536617755,0,0,0,0.24879476467776637,0.16942230219504098,0.6809721351909309,0.8002037564060217,0.0061117262168833165,0.19368451737709494,0,0,0,0.0018138100737343924
1,0,0,0,1,0,107,1,0,0,600.0,10.0,0,0,1.0,0,38.313933891866704,0,0,1199.6565128184413,1201.4304819595995,0,0,0,1.9690418041982898,1.3408626022240495,0.6809721354300523,0.800203756405989,0.006111726216951411,0.19368451737705963,0,0,0,0.0018138100737353508
0,0,0,0,1,0,107,1,0,0,600.0,10.0,0,0,1.0,0,38.31393389186799,0,0,1199.6763982210757,1201.4503967673925,0,0,0,1.969074442865024,1.3408848282466028,0.6809721354300369,0.8002037564059692,0.0061117262168267125,0.19368451737720407,0,0,0,0.0018138100737353118
1,0,0,0,1,0,107,1,0,0,600.0,10.0,0,0,1.0,0,38.31393389187225,0,0,1200.5811840409333,1202.356520521989,0,0,0,1.9705595021999898,1.3418961122732427,0.6809721354300714,0.8002037564060032,0.00611172621691483,0.193684517377082,0,0,0,0.0018138100737356418
0,0,0,0,1,1,84,1,0,0,600.0,10.0,0,0,1.0,0,38.313926076979186,0,0,0.6533945597551468,0.6543607544730689,0,0,0,0.0010724413105306443,0.0007303026493925295,0.6809720719672467,0.8002037564058995,0.006111726216897015,0.19368451737720355,0,0,0,0.0018138100734571784
0,0,0,0,1,0,188,0,0,0,600.0,10.0,0,0,1.0,0,38.3139277689528,0,0,0.8338247605567262,0.8350577629858016,0,0,0,0.0013685882528612834,0.0009319704651227782,0.6809720857073818,0.8002037564060254,0.006111726216777053,0.19368451737719755,0,0,0,0.0018138100735174774
1,0,0,0,1,0,466,1,0,0,300.0,5.0,1,0,1.0,0,38.31393032084332,0,0,1.4289749759962487,1.431088045432223,0,0,0,0.002345430908618527,0.0015971730944266964,0.6809721064306389,0.8002037564060273,0.006111726216787457,0.1936845173771853,0,0,0,0.001813810073608142
0,0,0,0,1,1,84,1,0,0,600.0,10.0,0,0,1.0,0,38.31392606291412,0,0,0.6522213209997277,0.6531857808132631,0,0,0,0.0010705156291951742,0.0007289913140612966,0.6809720718530315,0.8002037564060858,0.00611172621677257,0.19368451737714168,0,0,0,0.0018138100734567094
1,0,0,0,1,0,7,1,0,0,600.0,10.0,0,0,1.0,0,38.31393360773138,0,0,17.715308644746113,17.74150481883934,0,0,0,0.02907680900579582,0.0198004967211743,0.6809721331226647,0.8002037564059268,0.006111726216938976,0.19368451737713427,0,0,0,0.0018138100737250613
1,0,0,0,1,0,7,1,0,0,600.0,10.0,0,0,1.0,0,38.313933607203886,0,0,17.682895438452338,17.709043682136215,0,0,0,0.029023607979069967,0.019764268304395826,0.6809721331183697,0.8002037564060563,0.006111726216813654,0.19368451737713,0,0,0,0.0018138100737252736
0,0,0,0,1,0,716,1,0,0,600.0,10.0,0,0,1.0,0,38.31392932302262,0,0,1.1171818053930207,1.1188338166367846,0,0,0,0.0018336729340471733,0.0012486801736418449,0.6809720983276024,0.800203756406099,0.006111726216753034,0.193684517377148,0,0,0,0.0018138100735727808
0,0,0,0,1,0,84,1,0,0,600.0,10.0,0,0,1.0,0,38.313926054545284,0,0,0.65152533190753,0.6524887625404963,0,0,0,0.0010693732758605412,0.0007282134032715753,0.6809720717850963,0.8002037564059867,0.006111726216886169,0.1936845173771271,0,0,0,0.001813810073456184
1,0,0,0,1,0,533,1,0,0,600.0,10.0,0,0,1.0,0,38.3139338947471,0,0,3704.7499377680497,3710.2282659353914,0,0,0,6.08074680012224,4.140819133698855,0.6809721354534144,0.8002037564059638,0.006111726216852044,0.19368451737718417,0,0,0,0.0018138100737354144
0,0,0,0,1,0,264,1,0,0,600.0,10.0,0,0,1.0,0,38.31393386247745,0,0,151.82107203173032,152.0455745404768,0,0,0,0.24918969254487827,0.16969123706804756,0.6809721351913041,0.8002037564059581,0.006111726216911178,0.19368451737713077,0,0,0,0.0018138100737344874
1,0,0,0,1,0,84,1,0,0,300.0,5.0,1,0,1.0,0,38.313926053469636,0,0,0.6514358475956764,0.6523991459054267,0,0,0,0.0010692264018604045,0.000728113386170036,0.6809720717763285,0.8002037564059654,0.006111726216940554,0.19368451737709402,0,0,0,0.001813810073456482
0,0,0,0,1,1,107,1,0,0,600.0,10.0,0,0,1.0,0,38.31393389184328,0,0,1193.0048456372958,1194.7689787527327,0,0,0,1.9581241701861245,1.3334279976765682,0.6809721354298616,0.8002037564061124,0.006111726216780052,0.19368451737710757,0,0,0,0.0018138100737353643
0,0,0,0,1,1,533,1,0,0,300.0,5.0,1,0,1.0,0,38.31393389475137,0,0,3715.4781124892097,3720.9723047398893,0,0,0,6.098355360808455,4.152810072871902,0.6809721354534626,0.8002037564060795,0.006111726216810734,0.1936845173771097,0,0,0,0.0018138100737356113
0,0,0,0,1,1,264,1,0,0,600.0,10.0,0,0,1.0,0,38.31393386248715,0,0,151.87177980844763,152.09635730034975,0,0,0,0.24927292114496627,0.1697479134255924,0.6809721351914402,0.8002037564060778,0.006111726216763608,0.19368451737715867,0,0,0,0.0018138100737343842
1,0,0,0,1,0,107,1,0,0,600.0,10.0,0,0,1.0,0,38.31393389185028,0,0,1194.9834431994007,1196.7505021281688,0,0,0,1.961371717523028,1.335639486921622,0.6809721354299294,0.8002037564059672,0.006111726216782769,0.19368451737724998,0,0,0,0.0018138100737353166
1,0,0,0,1,0,107,1,0,0,600.0,10.0,0,0,1.0,0,38.3139338918513,0,0,1194.8740734849127,1196.6409706853055,0,0,0,1.961192204856226,1.3355172437975456,0.6809721354299154,0.8002037564059425,0.006111726216803193,0.1936845173772543,0,0,0,0.00181381007373553
1,0,0,0,1,1,188,0,0,0,600.0,10.0,0,0,1.0,0,38.313927795215484,0,0,0.8374140757322032,0.8386523857924971,0,0,0,0.0013744795322011877,0.0009359822621954374,0.6809720859206112,0.8002037564060478,0.006111726216813811,0.19368451737713838,0,0,0,0.0018138100735183547
1,0,0,0,1,0,107,1,0,0,600.0,10.0,0,0,1.0,0,38.313933891852365,0,0,1195.4408074599871,1197.2085427074146,0,0,0,1.9621224068572636,1.3361506854405807,0.6809721354299192,0.800203756405957,0.0061117262167947285,0.19368451737724826,0,0,0,0.0018138100737353775
1,0,0,0,1,0,107,1,0,0,600.0,10.0,0,0,1.0,0,38.313933891850084,0,0,1195.2220680310095,1196.9894798216872,0,0,0,1.9617633815234643,1.3359061991923635,0.6809721354299261,0.8002037564060414,0.006111726216838292,0.1936845173771203,0,0,0,0.0018138100737352344
0,0,0,0,1,0,188,0,0,0,600.0,10.0,0,0,1.0,0,38.3139277959405,0,0,0.8375135027453742,0.8387519598314636,0,0,0,0.0013746427255346852,0.000936093392308261,0.6809720859265063,0.8002037564060455,0.006111726216800911,0.1936845173771536,0,0,0,0.001813810073518444
1,0,0,0,1,0,533,1,0,0,600.0,10.0,0,0,1.0,0,38.313933894750356,0,0,3715.7266800221373,3721.2212398373044,0,0,0,6.098763344142201,4.153087898153823,0.6809721354534478,0.8002037564060572,0.006111726216808681,0.1936845173771341,0,0,0,0.0018138100737353942
0,0,0,0,1,0,533,1,0,0,300.0,5.0,1,0,1.0,0,38.31393389475218,0,0,3714.4937850588167,3719.98652175412,0,0,0,6.0967397468067634,4.151709884754891,0.680972135453428,0.8002037564060224,0.006111726216871625,0.19368451737710596,0,0,0,0.0018138100737355547
0,0,0,0,1,1,716,1,0,0,600.0,10.0,0,0,1.0,0,38.31392933908188,0,0,1.1211191151145963,1.122776948579863,0,0,0,0.0018401353900543427,0.0012530809261093816,0.6809720984580194,0.8002037564059934,0.006111726216746856,0.19368451737725975,0,0,0,0.0018138100735730785
1,0,0,0,1,0,107,1,0,0,300.0,5.0,1,0,1.0,0,38.313933891847086,0,0,1193.8102044439815,1195.5755284683623,0,0,0,1.9594460361876145,1.334328151590338,0.680972135429853,0.8002037564059779,0.006111726216827175,0.19368451737719494,0,0,0,0.0018138100737353168
1,0,0,0,1,1,716,1,0,0,600.0,10.0,0,0,1.0,0,38.31392933795338,0,0,1.1208407194777175,1.1224981412707566,0,0,0,0.0018396784487205561,0.0012527697617934362,0.6809720984487762,0.8002037564059703,0.006111726216819684,0.19368451737720999,0,0,0,0.001813810073573382
0,0,0,0,1,1,466,1,0,0,600.0,10.0,0,0,1.0,0,38.3139303386661,0,0,1.4361337209445664,1.4382573762378188,0,0,0,0.0023571808286316936,0.0016051744625495761,0.6809721065753551,0.8002037564061116,0.006111726216794883,0.19368451737709352,0,0,0,0.001813810073608954
0,0,0,0,1,1,716,1,0,0,600.0,10.0,0,0,1.0,0,38.31392933677708,0,0,1.1205523811395208,1.1222093765577537,0,0,0,0.0018392051880533294,0.0012524474844663146,0.68097209843929,0.8002037564060311,0.006111726216871999,0.1936845173770969,0,0,0,0.0018138100735730445
1,0,0,0,1,1,7,1,0,0,900.0,15.0,0,1,1.0,0,38.31393361259363,0,0,18.019157596996962,18.045803081921328,0,0,0,0.029575527833019675,0.02014011034594565,0.6809721331621665,0.8002037564060631,0.006111726216742619,0.19368451737719428,0,0,0,0.0018138100737253285
1,0,0,0,1,1,716,1,0,0,900.0,15.0,0,1,1.0,0,38.31392937313612,0,0,1.1295604685328218,1.1312307844881293,0,0,0,0.001853990504069869,0.0012625158726876132,0.6809720987345599,0.8002037564059314,0.006111726216842209,0.19368451737722633,0,0,0,0.001813810073574294
0,0,0,0,1,1,716,1,0,0,1800.0,30.0,0,1,1.0,0,38.313929375724946,0,0,1.1302067441184347,1.1318780157414128,0,0,0,0.0018550512607377373,0.001263238218420892,0.6809720987555371,0.8002037564059203,0.006111726216895144,0.19368451737718448,0,0,0,0.0018138100735744925
0,0,0,0,1,1,716,1,0,0,900.0,15.0,0,1,1.0,0,38.31392937341745,0,0,1.129630067442042,1.1313004863154064,0,0,0,0.001854104739403268,0.0012625936637666287,0.6809720987368688,0.8002037564060869,0.006111726216767267,0.19368451737714584,0,0,0,0.0018138100735746118
1,0,0,0,1,1,716,1,0,0,600.0,10.0,0,0,1.0,0,38.31392937250113,0,0,1.1294013853117473,1.1310714660257828,0,0,0,0.0018537293947362382,0.0012623380645070516,0.6809720987293597,0.8002037564058788,0.006111726216948531,0.1936845173771726,0,0,0,0.0018138100735745515
0,0,0,0,1,1,7,1,0,0,1800.0,30.0,0,1,1.0,0,38.31393361391907,0,0,18.10386941221871,18.13064016312089,0,0,0,0.0297145685531738,0.020234793202066125,0.6809721331729598,0.8002037564061101,0.006111726216758111,0.19368451737713183,0,0,0,0.0018138100737253135
0,0,0,0,1,1,716,1,0,0,600.0,10.0,0,0,1.0,0,38.31392937513001,0,0,1.1300576035986771,1.1317286546829624,0,0,0,0.0018548064707374515,0.0012630715232516412,0.6809720987506839,0.8002037564061072,0.006111726216795798,0.19368451737709705,0,0,0,0.0018138100735745986
1,0,0,0,1,1,7,1,0,0,1800.0,30.0,0,1,1.0,0,38.31393361295665,0,0,18.042125237039485,18.068804684922625,0,0,0,0.02961322549306113,0.02016578140200532,0.6809721331650712,0.8002037564058768,0.006111726216936543,0.19368451737718664,0,0,0,0.0018138100737256247
0,0,1,0,1,0,869,1,0,0,300.0,5.0,1,0,1.0,0,38.313930125326806,0,0,1.3548819657811508,1.356885471594294,0,0,0,0.0022238192364826747,0.0015143589343548855,0.6809721048428717,0.8002037564060367,0.006111726216863506,0.1936845173770998,0,0,0,0.0018138100736012196
0,0,1,0,1,0,869,1,0,0,600.0,10.0,0,0,1.0,0,38.31393010409506,0,0,1.347295684676196,1.3492879724211402,0,0,0,0.002211367585135452,0.0015058797067469428,0.680972104670465,0.8002037564059684,0.006111726216830915,0.1936845173772007,0,0,0,0.0018138100736006689
0,0,1,0,1,1,7,1,0,0,600.0,10.0,0,0,1.0,0,38.31393361391907,0,0,18.10386941221871,18.13064016312089,0,0,0,0.0297145685531738,0.020234793202066125,0.6809721331729598,0.8002037564061101,0.006111726216758111,0.19368451737713183,0,0,0,0.0018138100737253135
1,0,1,0,1,0,84,1,0,0,600.0,10.0,0,0,1.0,0,38.31392608684283,0,0,0.6542198039644664,0.6551872189964915,0,0,0,0.0010737958151988255,0.000731225029328917,0.6809720720473427,0.8002037564059228,0.006111726216880101,0.19368451737719708,0,0,0,0.0018138100734575563
0,0,1,0,1,1,716,1,0,0,600.0,10.0,0,0,1.0,0,38.31392939508668,0,0,1.1350687250625002,1.1367471862468803,0,0,0,0.0018630314147466567,0.001268672480937727,0.6809720989128015,0.8002037564060119,0.006111726216870676,0.19368451737711742,0,0,0,0.001813810073575269
0,0,1,0,1,1,716,1,0,0,600.0,10.0,0,0,1.0,0,38.31392939390481,0,0,1.1347704440229875,1.1364484641299808,0,0,0,0.001862541834746085,0.00126833909059921,0.6809720989031686,0.800203756406017,0.006111726216899255,0.19368451737708375,0,0,0,0.001813810073575282
1,0,1,0,1,1,716,1,0,0,300.0,5.0,1,0,1.0,0,38.31392939046932,0,0,1.1339054290083985,1.1355821699909705,0,0,0,0.0018611220527444841,0.001267372258617734,0.6809720988753032,0.8002037564060593,0.00611172621682218,0.19368451737711842,0,0,0,0.001813810073575069
0,0,1,0,1,1,716,1,0,0,300.0,5.0,1,0,1.0,0,38.3139293897582,0,0,1.13372646038469,1.1354029367208305,0,0,0,0.0018608283047441474,0.0012671722244146338,0.6809720988695152,0.8002037564060349,0.006111726216884667,0.19368451737708042,0,0,0,0.0018138100735750383
0,0,1,0,1,0,869,1,0,0,300.0,5.0,1,0,1.0,0,38.313930095961204,0,0,1.3444123012942346,1.3464003252911079,0,0,0,0.0022066349784635336,0.0015026569334752617,0.6809721046044245,0.8002037564059324,0.00611172621686696,0.19368451737720058,0,0,0,0.0018138100736002308
0,0,1,0,1,0,869,1,0,0,300.0,5.0,1,0,1.0,0,38.31393010205068,0,0,1.346569867480048,1.3485610819366847,0,0,0,0.0022101762738008395,0.0015050684569234073,0.6809721046538659,0.8002037564059556,0.006111726216831067,0.1936845173772133,0,0,0,0.0018138100736005396
1,0,1,0,1,0,869,1,0,0,300.0,5.0,1,0,1.0,0,38.3139301038985,0,0,1.3472260857669762,1.3492182705938638,0,0,0,0.0022112533498020687,0.0015058019156679904,0.6809721046688593,0.8002037564059926,0.006111726216894932,0.19368451737711248,0,0,0,0.0018138100736004037
0,0,1,0,1,1,716,1,0,0,1800.0,30.0,0,1,1.0,0,38.31392938849266,0,0,1.1334082939425438,1.1350842997961386,0,0,0,0.0018603060860769175,0.0012668166080537092,0.6809720988592846,0.8002037564059301,0.006111726216867041,0.19368451737720283,0,0,0,0.0018138100735751565
1,0,1,0,1,0,869,1,0,0,600.0,10.0,0,0,1.0,0,38.313930099526054,0,0,1.3456750243615072,1.3476649155859848,0,0,0,0.0022087075337991874,0.0015040682859081068,0.6809721046334077,0.8002037564060072,0.006111726216902158,0.19368451737709066,0,0,0,0.0018138100736004275
0,0,1,0,1,1,264,1,0,0,900.0,15.0,0,1,1.0,0,38.31393386309248,0,0,154.65871898763325,154.88741761258416,0,0,0,0.2538472302834082,0.17286289048787415,0.6809721351963692,0.8002037564058938,0.006111726216868579,0.19368451737723763,0,0,0,0.0018138100737343339
0,0,1,0,1,1,716,1,0,0,300.0,5.0,1,0,1.0,0,38.31392937285995,0,0,1.1294908696236021,1.1311610826608531,0,0,0,0.0018538762687363905,0.001262438081608611,0.6809720987322869,0.8002037564059603,0.006111726216918568,0.1936845173771211,0,0,0,0.0018138100735745663
1,0,1,0,1,1,716,1,0,0,900.0,15.0,0,1,1.0,0,38.31392936611921,0,0,1.1278105531010107,1.1294782814023168,0,0,0,0.0018511183013999771,0.001260559982701968,0.6809720986775468,0.8002037564059061,0.006111726216871333,0.19368451737722256,0,0,0,0.0018138100735741636
1,0,1,0,1,0,869,1,0,0,600.0,10.0,0,0,1.0,0,38.313930095033456,0,0,1.3440841921507696,1.3460717309625179,0,0,0,0.0022060964404629424,0.0015022902041029861,0.6809721045968982,0.8002037564060689,0.006111726216836144,0.19368451737709502,0,0,0,0.0018138100736001341
1,0,1,0,1,0,869,1,0,0,600.0,10.0,0,0,1.0,0,38.31393008844021,0,0,1.341757600042566,1.3437416984506994,0,0,0,0.0022022777164586926,0.0014996897594630615,0.6809721045433736,0.8002037564058776,0.00611172621694445,0.1936845173771779,0,0,0,0.0018138100735998386
0,0,1,0,1,0,869,1,0,0,600.0,10.0,0,0,1.0,0,38.31393008773587,0,0,1.3415090325096382,1.3434927633532827,0,0,0,0.0022018697331249565,0.0014994119341810456,0.6809721045376408,0.8002037564060364,0.006111726216868832,0.19368451737709477,0,0,0,0.0018138100736000465
1,0,1,0,1,1,188,0,0,0,600.0,10.0,0,0,1.0,0,38.31392814110216,0,0,0.8877440297994099,0.8890567643174024,0,0,0,0.0014570879976267429,0.0009922363253037725,0.6809720887294971,0.8002037564060244,0.006111726216787279,0.19368451737718834,0,0,0,0.0018138100735306324
1,0,1,0,1,0,869,1,0,0,900.0,15.0,0,1,1.0,0,38.31393008564789,0,0,1.3407732726121726,1.3427559154649304,0,0,0,0.0022006621024569678,0.0014985895713461393,0.680972104520636,0.8002037564059772,0.00611172621684946,0.19368451737717335,0,0,0,0.0018138100735998778
0,0,1,0,1,1,188,0,0,0,600.0,10.0,0,0,1.0,0,38.313928189103954,0,0,0.8952109984885587,0.8965347746437962,0,0,0,0.0014693438169737702,0.0010005821967763889,0.6809720891193172,0.8002037564060485,0.006111726216793157,0.19368451737715836,0,0,0,0.0018138100735322349
1,0,1,0,1,1,533,1,0,0,300.0,5.0,1,0,1.0,0,38.313933894795596,0,0,3838.200874846289,3843.8765410363935,0,0,0,6.299784892366786,4.289977971122662,0.6809721354537948,0.8002037564060119,0.006111726216827597,0.19368451737716044,0,0,0,0.0018138100737354285
0,0,1,0,1,0,869,1,0,0,900.0,15.0,0,1,1.0,0,38.313930087541365,0,0,1.341439433600419,1.3434230615260072,0,0,0,0.0022017554977914466,0.0014993341431019593,0.6809721045359995,0.8002037564059442,0.006111726216930757,0.19368451737712497,0,0,0,0.001813810073599944
1,0,1,0,1,0,716,1,0,0,300.0,5.0,1,0,1.0,0,38.31392937389311,0,0,1.1297493798578466,1.1314199751621659,0,0,0,0.001854300571403503,0.0012627270199019435,0.680972098740706,0.8002037564060112,0.006111726216802694,0.19368451737718614,0,0,0,0.0018138100735743705
1,0,1,0,1,0,869,1,0,0,300.0,5.0,1,0,1.0,0,38.313930093456825,0,0,1.3435274008770115,1.3455141163443054,0,0,0,0.0022051825577953377,0.0015016678754712727,0.6809721045841102,0.8002037564060304,0.006111726216764062,0.19368451737720552,0,0,0,0.0018138100736001556
0,0,1,0,1,0,716,1,0,0,300.0,5.0,1,0,1.0,0,38.313929368795215,0,0,1.128476714089257,1.1301454274633933,0,0,0,0.0018522116967345198,0.001261304554457871,0.6809720986992805,0.8002037564060515,0.006111726216738836,0.19368451737720968,0,0,0,0.0018138100735744548
0,0,1,0,1,1,188,0,0,0,600.0,10.0,0,0,1.0,0,38.3139281985964,0,0,0.8967024036861251,0.8980283852282952,0,0,0,0.001471791716976494,0.0010022491484686445,0.6809720891963971,0.8002037564059871,0.006111726216903459,0.19368451737710943,0,0,0,0.0018138100735327145
1,0,1,0,1,0,716,1,0,0,300.0,5.0,1,0,1.0,0,38.31392937397323,0,0,1.1297692652604816,1.13143988996996,0,0,0,0.0018543332100702723,0.001262749245924509,0.680972098741329,0.8002037564059832,0.006111726216846273,0.19368451737717055,0,0,0,0.0018138100735744604
0,0,1,0,1,0,716,1,0,0,300.0,5.0,1,0,1.0,0,38.31392937162455,0,0,1.1291826458827723,1.1308524031400566,0,0,0,0.0018533703694025056,0.0012620935782588817,0.6809720987222585,0.8002037564059102,0.006111726216924093,0.19368451737716563,0,0,0,0.0018138100735743364
1,0,1,0,1,1,188,0,0,0,900.0,15.0,0,1,1.0,0,38.313928189928575,0,0,0.8953402536056814,0.8966642208944526,0,0,0,0.0014695559683073425,0.0010007266659230473,0.6809720891260038,0.8002037564059934,0.0061117262168635745,0.1936845173771431,0,0,0,0.0018138100735323659
1,0,1,0,1,0,869,1,0,0,600.0,10.0,0,0,1.0,0,38.31393009027618,0,0,1.3424038756281784,1.3443889297039826,0,0,0,0.0022033384731265926,0.0015004121051963586,0.6809721045582369,0.8002037564060235,0.006111726216796358,0.1936845173771802,0,0,0,0.0018138100735999943
1,0,1,0,1,0,466,1,0,0,300.0,5.0,1,0,1.0,0,38.31393032362854,0,0,1.430088558543764,1.4322032746686488,0,0,0,0.0023472586739539114,0.0015984177516902781,0.6809721064532543,0.8002037564059903,0.00611172621692071,0.19368451737708905,0,0,0,0.0018138100736085642
1,0,1,0,1,1,264,1,0,0,1800.0,30.0,0,1,1.0,0,38.313933863123516,0,0,154.80288815673126,155.03179996908582,0,0,0,0.2540838606170013,0.17302402915145482,0.6809721351966116,0.8002037564059027,0.006111726216946488,0.1936845173771508,0,0,0,0.0018138100737343716
1,0,1,0,1,0,869,1,0,0,1800.0,30.0,0,1,1.0,0,38.31393007956102,0,0,1.338635591828993,1.340615073627147,0,0,0,0.0021971534457863357,0.0014962002739206132,0.6809721044712606,0.8002037564058915,0.006111726216923504,0.193684517377185,0,0,0,0.0018138100735996445
1,0,1,0,1,0,869,1,0,0,1800.0,30.0,0,1,1.0,0,38.31393007777603,0,0,1.3380092016460157,1.3399877571816567,0,0,0,0.0021961253277851733,0.0014955001542097768,0.6809721044567167,0.8002037564058772,0.006111726216915624,0.19368451737720718,0,0,0,0.001813810073599563
0,0,1,0,1,0,869,1,0,0,600.0,10.0,0,0,1.0,0,38.3139300679315,0,0,1.3345690269902966,1.336542495433413,0,0,0,0.0021904788384455548,0.0014916550523063634,0.680972104376816,0.800203756405958,0.006111726216880776,0.1936845173771612,0,0,0,0.0018138100735991395
1,0,1,0,1,0,466,1,0,0,900.0,15.0,0,1,1.0,0,38.31393031336472,0,0,1.4259921656011152,1.4281008242632238,0,0,0,0.0023405351086130477,0.0015938391910421978,0.6809721063699244,0.8002037564059948,0.006111726216828928,0.19368451737717624,0,0,0,0.001813810073608011
0,0,1,0,1,1,188,0,0,0,600.0,10.0,0,0,1.0,0,38.313928185171804,0,0,0.8945945510068984,0.895917415602203,0,0,0,0.0014683320183059765,0.000999893190076905,0.6809720890873705,0.8002037564060095,0.006111726216808796,0.19368451737718168,0,0,0,0.0018138100735321252
1,0,1,0,1,0,533,1,0,0,300.0,5.0,1,0,1.0,0,38.313933894781385,0,0,3800.39872443864,3806.018491421283,0,0,0,6.237738786964168,4.247726302229405,0.6809721354536914,0.8002037564060324,0.006111726216807782,0.19368451737715991,0,0,0,0.0018138100737353613
1,0,1,0,1,1,188,0,0,0,600.0,10.0,0,0,1.0,0,38.313928164468585,0,0,0.8913631730788375,0.8926812593357875,0,0,0,0.0014630282349667298,0.0009962814614103194,0.6809720889192317,0.8002037564059631,0.006111726216905514,0.1936845173771314,0,0,0,0.0018138100735314551
1,0,1,0,1,0,107,1,0,0,300.0,5.0,1,0,1.0,0,38.31393389184233,0,0,1192.4977678701237,1194.261151154003,0,0,0,1.9572918841851918,1.3328612341011508,0.6809721354298238,0.800203756406083,0.006111726216857604,0.19368451737705944,0,0,0,0.0018138100737353992
0,0,1,0,1,0,533,1,0,0,300.0,5.0,1,0,1.0,0,38.313933894782885,0,0,3805.3203615906095,3810.9474063501316,0,0,0,6.245816856972949,4.253227242813832,0.6809721354537238,0.8002037564060873,0.006111726216788908,0.19368451737712383,0,0,0,0.0018138100737353992
1,0,1,0,1,0,533,1,0,0,300.0,5.0,1,0,1.0,0,38.31393389478506,0,0,3808.879848662134,3814.5121569451367,0,0,0,6.251659178312885,4.257205700852689,0.6809721354537228,0.8002037564059528,0.006111726216877562,0.19368451737716966,0,0,0,0.001813810073735493
0,0,1,0,1,1,7,1,0,0,300.0,5.0,1,0,1.0,0,38.31393361905134,0,0,18.43893844660532,18.466204674438437,0,0,0,0.03026453008712236,0.020609301682261348,0.6809721332145662,0.8002037564060266,0.006111726216752479,0.1936845173772209,0,0,0,0.001813810073725713
1,0,1,0,1,0,869,1,0,0,1800.0,30.0,0,1,1.0,0,38.31393006476324,0,0,1.3334653871440967,1.335437223600883,0,0,0,0.0021886673924435157,0.0014904215080540962,0.6809721043510955,0.8002037564060833,0.006111726216756406,0.19368451737716025,0,0,0,0.0018138100735990534
0,0,1,0,1,1,188,0,0,0,1800.0,30.0,0,1,1.0,0,38.3139281935385,0,0,0.8959069875807565,0.8972317929165622,0,0,0,0.0014704861703083954,0.0010013601075661103,0.6809720891553116,0.8002037564060334,0.006111726216853942,0.1936845173771127,0,0,0,0.0018138100735325584
1,0,1,0,1,1,7,1,0,0,600.0,10.0,0,0,1.0,0,38.31393361929464,0,0,18.455244476765372,18.48253481682896,0,0,0,0.030291293793818546,0.020627527020762357,0.6809721332165264,0.8002037564058742,0.006111726216939136,0.19368451737718673,0,0,0,0.001813810073725614
1,0,1,0,1,0,466,1,0,0,300.0,5.0,1,0,1.0,0,38.313930309915214,0,0,1.424620072819354,1.4267267025254842,0,0,0,0.002338283040610551,0.00159230559548528,0.6809721063418829,0.8002037564060281,0.0061117262167859525,0.19368451737718595,0,0,0,0.0018138100736079061
0,0,1,0,1,0,466,1,0,0,300.0,5.0,1,0,1.0,0,38.3139303099416,0,0,1.424630015520671,1.4267366599293807,0,0,0,0.002338299359943912,0.0015923167084964918,0.6809721063420534,0.8002037564060718,0.006111726216804348,0.19368451737712383,0,0,0,0.0018138100736079421
0,0,1,0,1,0,466,1,0,0,300.0,5.0,1,0,1.0,0,38.313930311740314,0,0,1.425345890015502,1.42745359300994,0,0,0,0.002339474351945227,0.001593116845308882,0.6809721063567232,0.8002037564060036,0.006111726216786947,0.1936845173772094,0,0,0,0.001813810073607869
1,0,1,0,1,0,466,1,0,0,300.0,5.0,1,0,1.0,0,38.313930314040775,0,0,1.4262606185366764,1.4283696741684326,0,0,0,0.0023409757306135687,0.0015941392423467482,0.6809721063753679,0.8002037564059693,0.006111726216935706,0.19368451737709502,0,0,0,0.001813810073608042
0,0,1,0,1,0,466,1,0,0,300.0,5.0,1,0,1.0,0,38.31393031396685,0,0,1.426230790432726,1.4283398019567435,0,0,0,0.0023409267726135336,0.0015941059033129491,0.6809721063747736,0.8002037564059478,0.006111726216882813,0.1936845173771694,0,0,0,0.0018138100736080898
0,0,1,0,1,0,466,1,0,0,300.0,5.0,1,0,1.0,0,38.31393031351409,0,0,1.4260518218090172,1.4281605686866028,0,0,0,0.002340633024613165,0.00159390586910988,0.6809721063711357,0.8002037564058918,0.006111726216933615,0.19368451737717454,0,0,0,0.001813810073607914
1,0,1,0,1,0,869,1,0,0,900.0,15.0,0,1,1.0,0,38.31393006279235,0,0,1.3327793407532165,1.3347501627320133,0,0,0,0.0021875413584423148,0.001489654710275645,0.680972104335058,0.800203756406023,0.0061117262168304005,0.19368451737714654,0,0,0,0.0018138100735990766
1,0,1,0,1,1,7,1,0,0,900.0,15.0,0,1,1.0,0,38.31393362080508,0,0,18.556560603186714,18.584000762535933,0,0,0,0.030457587800671555,0.020740768605724633,0.6809721332288209,0.8002037564059709,0.006111726216954656,0.19368451737707448,0,0,0,0.0018138100737256986
0,0,1,0,1,1,716,1,0,0,300.0,5.0,1,0,1.0,0,38.31392944626659,0,0,1.148123491891865,1.1498212575631985,0,0,0,0.001884458699437224,0.0012832638647506047,0.6809720993283798,0.8002037564060451,0.006111726216849736,0.19368451737710515,0,0,0,0.0018138100735770606
0,0,1,0,1,1,716,1,0,0,300.0,5.0,1,0,1.0,0,38.31392944341422,0,0,1.1473877319943993,1.1490844096748454,0,0,0,0.0018832510687691556,0.0012824415019157636,0.680972099305232,0.800203756405976,0.006111726216827085,0.193684517377197,0,0,0,0.0018138100735770437
0,0,1,0,1,1,716,1,0,0,300.0,5.0,1,0,1.0,0,38.313929441636816,0,0,1.146930367733812,1.1486263690955985,0,0,0,0.0018825003794349846,0.001281930303396778,0.6809720992907996,0.8002037564058838,0.006111726216961431,0.1936845173771547,0,0,0,0.0018138100735769242
1,0,1,0,1,1,716,1,0,0,300.0,5.0,1,0,1.0,0,38.313929441174615,0,0,1.1468110553180069,1.148506880248838,0,0,0,0.001882304547434813,0.0012817969472615003,0.680972099287074,0.8002037564059584,0.006111726216926551,0.193684517377115,0,0,0,0.0018138100735771631
1,0,1,0,1,1,716,1,0,0,300.0,5.0,1,0,1.0,0,38.31392944213836,0,0,1.147059622850934,1.1487558153462545,0,0,0,0.0018827125307686124,0.0012820747725435342,0.6809720992949043,0.8002037564061357,0.006111726216790965,0.19368451737707332,0,0,0,0.0018138100735769248
1,0,1,0,1,0,869,1,0,0,600.0,10.0,0,0,1.0,0,38.313930063792384,0,0,1.333127335299315,1.3350986718683961,0,0,0,0.002188112535109548,0.0014900436656704375,0.6809721043431745,0.8002037564060179,0.006111726216899602,0.19368451737708242,0,0,0,0.0018138100735990844
0,0,1,0,1,0,869,1,0,0,600.0,10.0,0,0,1.0,0,38.31393005895652,0,0,1.3314470187767236,1.3334158706098602,0,0,0,0.0021853545677731822,0.0014881655667638102,0.6809721043038799,0.8002037564059722,0.006111726216859568,0.1936845173771683,0,0,0,0.0018138100735989422
1,0,1,0,1,1,716,1,0,0,600.0,10.0,0,0,1.0,0,38.313929448809354,0,0,1.1487797101787938,1.1504784462203774,0,0,0,0.0018855357754384214,0.001283997323495272,0.6809720993490613,0.8002037564059071,0.0061117262169232385,0.1936845173771696,0,0,0,0.0018138100735773008
1,0,1,0,1,1,7,1,0,0,300.0,5.0,1,0,1.0,0,38.313933622069335,0,0,18.64216726152702,18.66973401008621,0,0,0,0.030598097260827677,0.02083645163286015,0.6809721332390886,0.800203756405949,0.006111726216865318,0.19368451737718576,0,0,0,0.001813810073725706
1,0,1,0,1,1,716,1,0,0,600.0,10.0,0,0,1.0,0,38.31392945300102,0,0,1.1498634646223584,1.151563803245114,0,0,0,0.0018873145827737231,0.0012852086417249452,0.680972099383086,0.8002037564059704,0.00611172621679975,0.1936845173772298,0,0,0,0.0018138100735775268
1,0,1,0,1,1,716,1,0,0,900.0,15.0,0,1,1.0,0,38.31392945327043,0,0,1.1499330635315785,1.1516335050723912,0,0,0,0.0018874288181072174,0.0012852864328039202,0.6809720993852592,0.8002037564059421,0.006111726216950983,0.1936845173771069,0,0,0,0.001813810073577452
0,0,1,0,1,1,7,1,0,0,300.0,5.0,1,0,1.0,0,38.31393362162256,0,0,18.611842022509833,18.639363928201377,0,0,0,0.03054832329410497,0.020802556948451567,0.6809721332354992,0.8002037564060923,0.006111726216803985,0.1936845173771037,0,0,0,0.0018138100737255885
1,0,1,0,1,1,716,1,0,0,900.0,15.0,0,1,1.0,0,38.31392945157855,0,0,1.1494955846736257,1.1511953793009382,0,0,0,0.0018867107674397207,0.0012847974603074788,0.680972099371515,0.8002037564060038,0.006111726216902972,0.1936845173770932,0,0,0,0.0018138100735770337
0,0,1,0,1,0,533,1,0,0,300.0,5.0,1,0,1.0,0,38.313933894773015,0,0,3777.1129179539703,3782.6982514953006,0,0,0,6.199518908254764,4.221699629807552,0.6809721354536382,0.8002037564059872,0.006111726216872814,0.19368451737714004,0,0,0,0.0018138100737353795
1,0,1,0,1,0,869,1,0,0,1800.0,30.0,0,1,1.0,0,38.31393004402559,0,0,1.3262867567931445,1.328247977987493,0,0,0,0.0021768848337637226,0.0014823979139086286,0.6809721041826673,0.8002037564058984,0.006111726216904827,0.1936845173771968,0,0,0,0.0018138100735983844
0,0,1,0,1,1,188,0,0,0,300.0,5.0,1,0,1.0,0,38.313928200238486,0,0,0.8969609139203699,0.8982872777296085,0,0,0,0.0014722160196436304,0.001002538086761949,0.6809720892097193,0.8002037564059351,0.00611172621690165,0.19368451737716322,0,0,0,0.001813810073532728
0,0,1,0,1,1,7,1,0,0,900.0,15.0,0,1,1.0,0,38.31393361950933,0,0,18.469561966661995,18.49687347844014,0,0,0,0.030314793633844976,0.02064352975700914,0.6809721332182991,0.8002037564060395,0.006111726216856178,0.19368451737710432,0,0,0,0.0018138100737256505
1,0,1,0,1,1,7,1,0,0,600.0,10.0,0,0,1.0,0,38.313933619048,0,0,18.438739592578965,18.46600552636049,0,0,0,0.030264203700455843,0.020609079422034896,0.6809721332145033,0.8002037564059816,0.006111726216950831,0.1936845173770675,0,0,0,0.0018138100737257082
0,0,1,0,1,1,7,1,0,0,900.0,15.0,0,1,1.0,0,38.31393361924293,0,0,18.45186395831755,18.479149299504083,0,0,0,0.030285745220478333,0.020623748596927238,0.6809721332161525,0.8002037564058325,0.006111726216930525,0.19368451737723694,0,0,0,0.0018138100737255152
1,0,1,0,1,0,869,1,0,0,600.0,10.0,0,0,1.0,0,38.31393003830059,0,0,1.3243181019323569,1.3262764120159536,0,0,0,0.002173653605760019,0.0014801975376747913,0.6809721041361736,0.8002037564059428,0.0061117262169076685,0.19368451737714956,0,0,0,0.0018138100735982964
1,0,1,0,1,1,716,1,0,0,1800.0,30.0,0,1,1.0,0,38.31392944980808,0,0,1.1490382204130392,1.1507373387216915,0,0,0,0.0018859600781055339,0.0012842862617886048,0.6809720993572003,0.8002037564059572,0.00611172621680931,0.1936845173772335,0,0,0,0.0018138100735771068
0,0,1,0,1,1,716,1,0,0,1800.0,30.0,0,1,1.0,0,38.313929460172204,0,0,1.151722749768659,1.153425837773791,0,0,0,0.0018903662981104574,0.0012872867748346388,0.6809720994413383,0.8002037564060477,0.006111726216784669,0.1936845173771677,0,0,0,0.0018138100735775574
1,0,1,0,1,1,264,1,0,0,900.0,15.0,0,1,1.0,0,38.313933863258946,0,0,155.44419239168496,155.67405252042064,0,0,0,0.25513645761817216,0.17374081837912803,0.6809721351977259,0.8002037564060427,0.006111726216908396,0.19368451737704886,0,0,0,0.0018138100737342816
1,0,1,0,1,1,84,1,0,0,300.0,5.0,1,0,1.0,0,38.31392609951985,0,0,0.6552836730053974,0.6562526612134346,0,0,0,0.0010755419838674532,0.0007324141215360666,0.6809720721502955,0.8002037564060821,0.006111726216786852,0.19368451737713105,0,0,0,0.0018138100734578187
0,0,1,0,1,0,7,1,0,0,300.0,5.0,1,0,1.0,0,38.31393362101007,0,0,18.57028153100432,18.597741979913334,0,0,0,0.030480108480695885,0.020756104561292853,0.6809721332304708,0.8002037564060014,0.0061117262167905495,0.1936845173772081,0,0,0,0.0018138100737257158
1,0,1,0,1,0,869,1,0,0,1800.0,30.0,0,1,1.0,0,38.31393004803636,0,0,1.3276687922762236,1.3296320571291296,0,0,0,0.0021791532210995645,0.0014839426224768255,0.6809721042152521,0.8002037564061056,0.006111726216774655,0.1936845173771197,0,0,0,0.0018138100735985447
1,0,1,0,1,0,466,1,0,0,600.0,10.0,0,0,1.0,0,38.313930226814,0,0,1.3923560070453342,1.3944149268808135,0,0,0,0.0022853268038847607,0.0015562438738759218,0.6809721056670309,0.8002037564059175,0.006111726216939317,0.19368451737714323,0,0,0,0.0018138100736047546
1,0,1,0,1,0,533,1,0,0,1800.0,30.0,0,1,1.0,0,38.31393389477483,0,0,3778.375641021246,3783.962841790179,0,0,0,6.20159146359044,4.22311098224028,0.6809721354536298,0.8002037564060119,0.006111726216820951,0.1936845173771671,0,0,0,0.0018138100737355037
0,0,1,0,1,1,264,1,0,0,1800.0,30.0,0,1,1.0,0,38.31393386324034,0,0,155.3586851603577,155.58841884690932,0,0,0,0.2549961113513482,0.17364524648210503,0.6809721351975814,0.8002037564060213,0.006111726216813957,0.19368451737716477,0,0,0,0.0018138100737343558
1,0,1,0,1,1,264,1,0,0,1800.0,30.0,0,1,1.0,0,38.31393386320574,0,0,155.18965923796682,155.41914298066604,0,0,0,0.25471868268439024,0.17345632529031918,0.6809721351972576,0.8002037564059459,0.006111726216869588,0.1936845173771846,0,0,0,0.0018138100737343245
1,0,1,0,1,1,264,1,0,0,1800.0,30.0,0,1,1.0,0,38.313933863215055,0,0,155.2314185834987,155.46096407703195,0,0,0,0.2547872238844572,0.17350299993769253,0.6809721351973157,0.8002037564059085,0.006111726216900426,0.19368451737719114,0,0,0,0.0018138100737342842
1,0,1,0,1,0,466,1,0,0,1800.0,30.0,0,1,1.0,0,38.31393023207177,0,0,1.394354490010074,1.3964163650640442,0,0,0,0.002288606989888436,0.0015584775891435856,0.6809721057097475,0.8002037564060466,0.006111726216805237,0.1936845173771482,0,0,0,0.001813810073604938
0,0,1,0,1,0,869,1,0,0,1800.0,30.0,0,1,1.0,0,38.3139300284563,0,0,1.3209475261858568,1.3229008520949845,0,0,0,0.0021681213517539266,0.0014764302268503126,0.6809721040562269,0.8002037564059605,0.0061117262168083495,0.19368451737723105,0,0,0,0.0018138100735976318
1,0,1,0,1,0,264,1,0,0,300.0,5.0,1,0,1.0,0,38.31393386321951,0,0,155.26025241731833,155.48984054833232,0,0,0,0.2548345499511778,0.1735352276704198,0.6809721351974021,0.8002037564059961,0.006111726216831478,0.1936845173771725,0,0,0,0.0018138100737344761
1,0,1,0,1,0,264,1,0,0,300.0,5.0,1,0,1.0,0,38.31393386321747,0,0,155.24334982507926,155.47291296170798,0,0,0,0.25480680708448183,0.1735163355512426,0.6809721351973756,0.8002037564059713,0.006111726216879153,0.19368451737714953,0,0,0,0.0018138100737345093
1,0,1,0,1,0,533,1,0,0,300.0,5.0,1,0,1.0,0,38.313933894760694,0,0,3742.5322027730645,3748.0664007427085,0,0,0,6.1427602668580095,4.183048576569655,0.6809721354535565,0.8002037564060069,0.006111726216912325,0.19368451737708078,0,0,0,0.0018138100737356176
0,0,1,0,1,1,716,1,0,0,600.0,10.0,0,0,1.0,0,38.31392948923816,0,0,1.1593189735749294,1.16103329435084,0,0,0,0.0019028342687911046,0.0012957771154539321,0.680972099677365,0.800203756406001,0.006111726216844295,0.1936845173771546,0,0,0,0.001813810073578591
0,0,1,0,1,0,869,1,0,0,1800.0,30.0,0,1,1.0,0,38.31393003734387,0,0,1.3239899927888918,1.3259478176873631,0,0,0,0.00217311506775946,0.0014798308083025437,0.6809721041284199,0.800203756405924,0.0061117262168751945,0.19368451737720085,0,0,0,0.0018138100735981982
1,0,1,0,1,0,533,1,0,0,300.0,5.0,1,0,1.0,0,38.31393389475936,0,0,3738.008273673781,3743.535781969727,0,0,0,6.135334970182937,4.177992156436257,0.6809721354535244,0.8002037564059952,0.006111726216843056,0.19368451737716175,0,0,0,0.0018138100737355742
1,0,1,0,1,1,84,1,0,0,300.0,5.0,1,0,1.0,0,38.3139261821535,0,0,0.6623032201352761,0.6632825883644782,0,0,0,0.0010870634332136389,0.0007402599075009927,0.6809720728213505,0.8002037564060093,0.006111726216865794,0.19368451737712492,0,0,0,0.0018138100734607628
1,0,1,0,1,0,869,1,0,0,900.0,15.0,0,1,1.0,0,38.313930035867216,0,0,1.32348291502172,1.325439990088634,0,0,0,0.0021722827817585643,0.0014792640447271143,0.680972104116376,0.8002037564058841,0.006111726216896235,0.1936845173772196,0,0,0,0.001813810073598075
1,0,1,0,1,0,869,1,0,0,1800.0,30.0,0,1,1.0,0,38.31393002918413,0,0,1.3211960937187848,1.3231497871924016,0,0,0,0.002168529335087694,0.001476708052132331,0.6809721040621308,0.800203756405957,0.006111726216886359,0.1936845173771567,0,0,0,0.0018138100735977576
1,0,1,0,1,0,466,1,0,0,1800.0,30.0,0,1,1.0,0,38.313930225845006,0,0,1.3919881270966015,1.3940465029366385,0,0,0,0.0022847229885507264,0.0015558326924584949,0.6809721056591632,0.800203756405945,0.006111726216837702,0.19368451737721729,0,0,0,0.001813810073604994
0,0,2,0,1,1,716,1,0,0,600.0,10.0,0,0,1.0,0,38.313929484054015,0,0,1.157956823494486,1.159669130016997,0,0,0,0.0019005985201219053,0.0012942546329083727,0.6809720996353026,0.8002037564060958,0.006111726216814073,0.1936845173770901,0,0,0,0.0018138100735784711
1,0,2,0,1,1,716,1,0,0,300.0,5.0,1,0,1.0,0,38.3139294821982,0,0,1.1574696311299475,1.1591812172260605,0,0,0,0.0018997988727876994,0.0012937100953555258,0.6809720996201931,0.800203756406023,0.00611172621688064,0.1936845173770963,0,0,0,0.0018138100735784117
0,0,2,0,1,1,716,1,0,0,1800.0,30.0,0,1,1.0,0,38.313929484318834,0,0,1.158026422403706,1.1597388318442747,0,0,0,0.0019007127554553835,0.0012943324239872757,0.6809720996374132,0.8002037564058879,0.006111726216962875,0.19368451737714923,0,0,0,0.0018138100735783967
1,0,2,0,1,0,264,1,0,0,300.0,5.0,1,0,1.0,0,38.313933863003065,0,0,154.2460968829732,154.47418535087274,0,0,0,0.2531699779493063,0.17240170051967088,0.6809721351956458,0.8002037564059724,0.006111726216958136,0.1936845173770695,0,0,0,0.0018138100737342903
1,0,2,0,1,1,84,1,0,0,900.0,15.0,0,1,1.0,0,38.31392623905517,0,0,0.6672248572872456,0.6682115032933262,0,0,0,0.0010951415032226677,0.0007457608480854871,0.6809720732834369,0.8002037564059832,0.006111726216851985,0.19368451737716486,0,0,0,0.001813810073462882
1,0,2,0,1,0,264,1,0,0,300.0,5.0,1,0,1.0,0,38.31393386295188,0,0,154.00946059162595,154.23719913813215,0,0,0,0.25278157781555016,0.17213721085117456,0.6809721351952417,0.8002037564060562,0.006111726216779493,0.1936845173771643,0,0,0,0.001813810073734211
1,0,2,0,1,0,264,1,0,0,600.0,10.0,0,0,1.0,0,38.313933862953775,0,0,154.01542621241632,154.2431735804702,0,0,0,0.2527913694155635,0.1721438786579364,0.680972135195217,0.8002037564060014,0.006111726216876221,0.19368451737712242,0,0,0,0.0018138100737342309
0,0,2,0,1,0,533,1,0,0,900.0,15.0,0,1,1.0,0,38.313933894754754,0,0,3728.5925355264762,3734.1061204795874,0,0,0,6.119880561499095,4.167468134752575,0.6809721354535121,0.8002037564060607,0.006111726216803011,0.19368451737713632,0,0,0,0.0018138100737354144
1,0,2,0,1,1,716,1,0,0,1800.0,30.0,0,1,1.0,0,38.31392948299502,0,0,1.157678427857607,1.1593903227078906,0,0,0,0.0019001415787879919,0.001293943468592378,0.6809720996266562,0.8002037564058937,0.006111726216883226,0.19368451737722306,0,0,0,0.001813810073578382
1,0,2,0,1,1,716,1,0,0,1800.0,30.0,0,1,1.0,0,38.313929497425534,0,0,1.1614765397607432,1.163194050996416,0,0,0,0.0019063755641283628,0.001298188638902087,0.6809720997438601,0.8002037564060726,0.006111726216801354,0.19368451737712605,0,0,0,0.001813810073578989
0,0,2,0,1,0,869,1,0,0,600.0,10.0,0,0,1.0,0,38.313930019469744,0,0,1.317885174180187,1.3198339716948124,0,0,0,0.0021630949970816715,0.0014730074193755876,0.6809721039832636,0.8002037564059028,0.006111726216898826,0.19368451737719833,0,0,0,0.0018138100735978306
0,0,2,0,1,0,7,1,0,0,600.0,10.0,0,0,1.0,0,38.31393361048316,0,0,17.885925399347688,17.912373869706055,0,0,0,0.029356848766108255,0.019991195994769062,0.6809721331449983,0.8002037564059287,0.006111726216902331,0.19368451737716896,0,0,0,0.0018138100737254662
0,0,2,0,1,0,107,1,0,0,600.0,10.0,0,0,1.0,0,38.31393389178936,0,0,1177.5737731931426,1179.3150879051127,0,0,0,1.9327965648245222,1.3161806041672692,0.6809721354294044,0.8002037564058928,0.006111726216927786,0.19368451737717945,0,0,0,0.0018138100737355423
1,0,2,0,1,0,869,1,0,0,900.0,15.0,0,1,1.0,0,38.31393002189478,0,0,1.3187104183895064,1.3206604362182361,0,0,0,0.0021644495017497816,0.0014739297993118757,0.6809721040029406,0.800203756405875,0.006111726216891639,0.19368451737723333,0,0,0,0.001813810073597507
0,0,2,0,1,0,264,1,0,0,900.0,15.0,0,1,1.0,0,38.31393386295188,0,0,154.00946059162595,154.23719913813215,0,0,0,0.25278157781555016,0.17213721085117456,0.6809721351952417,0.8002037564060562,0.006111726216779493,0.1936845173771643,0,0,0,0.001813810073734211
0,0,2,0,1,1,84,1,0,0,1800.0,30.0,0,1,1.0,0,38.313926194411266,0,0,0.6633571464748902,0.664338073177525,0,0,0,0.0010887932825489055,0.0007414378866968642,0.6809720729208794,0.8002037564059157,0.006111726216929085,0.19368451737715522,0,0,0,0.0018138100734614402
0,0,2,0,1,1,716,1,0,0,600.0,10.0,0,0,1.0,0,38.31392947984644,0,0,1.1568531836482874,1.1585638581844684,0,0,0,0.0018987870741198184,0.0012930210886559963,0.6809720996010916,0.8002037564058805,0.006111726216892781,0.19368451737722675,0,0,0,0.0018138100735783503
1,0,2,0,1,1,716,1,0,0,600.0,10.0,0,0,1.0,0,38.31392947904849,0,0,1.1566443869206273,1.158354752702638,0,0,0,0.0018984443681195101,0.0012927877154191158,0.6809720995946101,0.8002037564060099,0.006111726216890195,0.19368451737709988,0,0,0,0.0018138100735783814
1,0,2,0,1,0,7,1,0,0,900.0,15.0,0,1,1.0,0,38.31393361268376,0,0,18.024824936747706,18.05147880214242,0,0,0,0.029584829853029553,0.02014644476237478,0.6809721331628522,0.8002037564059876,0.006111726216837841,0.1936845173771745,0,0,0,0.0018138100737254996
0,0,2,0,1,1,716,1,0,0,900.0,15.0,0,1,1.0,0,38.313929475780725,0,0,1.1557893146073552,1.157498415967525,0,0,0,0.0018970409054513177,0.001291831996448926,0.6809720995680804,0.8002037564059703,0.006111726216834494,0.19368451737719525,0,0,0,0.0018138100735782179
0,0,2,0,1,1,716,1,0,0,600.0,10.0,0,0,1.0,0,38.313929467169245,0,0,1.1535422641096893,1.1552480426868792,0,0,0,0.0018933527361138117,0.0012893204558992249,0.6809720994981636,0.800203756405999,0.00611172621690842,0.19368451737709264,0,0,0,0.0018138100735777996
0,0,2,0,1,1,716,1,0,0,600.0,10.0,0,0,1.0,0,38.31392946376928,0,0,1.152657363692467,1.1543618337400763,0,0,0,0.0018919003154455208,0.001288331397895164,0.6809720994705616,0.8002037564061132,0.006111726216788515,0.19368451737709835,0,0,0,0.0018138100735776935
0,0,2,0,1,0,188,0,0,0,900.0,15.0,0,1,1.0,0,38.3139281324512,0,0,0.8864117078229172,0.8877224721952498,0,0,0,0.001454901206957642,0.0009907471817920197,0.6809720886592512,0.8002037564060653,0.006111726216831922,0.19368451737710277,0,0,0,0.0018138100735303276
1,0,2,0,1,0,7,1,0,0,1800.0,30.0,0,1,1.0,0,38.313933612268976,0,0,17.998377351244198,18.024992107777305,0,0,0,0.0295414204263145,0.020116884152366187,0.6809721331594987,0.8002037564060162,0.006111726216851249,0.1936845173771326,0,0,0,0.0018138100737256915
1,0,2,0,1,0,264,1,0,0,1800.0,30.0,0,1,1.0,0,38.313933863069934,0,0,154.5473607328816,154.7758946889416,0,0,0,0.2536644537498672,0.1727384247615183,0.6809721351961854,0.8002037564060369,0.006111726216784663,0.19368451737717837,0,0,0,0.0018138100737346869
0,0,2,0,1,1,264,1,0,0,300.0,5.0,1,0,1.0,0,38.31393386305721,0,0,154.5026185769546,154.73108637140658,0,0,0,0.2535910167497824,0.17268841621074976,0.6809721351961129,0.8002037564059941,0.0061117262168132085,0.19368451737719267,0,0,0,0.0018138100737342554
0,0,2,0,1,0,188,0,0,0,900.0,15.0,0,1,1.0,0,38.31392819138579,0,0,0.8955689357359748,0.8968932411840757,0,0,0,0.0014699313129744437,0.0010009822651825017,0.6809720891378112,0.800203756405907,0.006111726216922782,0.19368451737717018,0,0,0,0.0018138100735324548
1,0,2,0,1,0,716,1,0,0,300.0,5.0,1,0,1.0,0,38.31392946200991,0,0,1.1521999994318801,1.1539037931608296,0,0,0,0.0018911496261113658,0.0012878201993761623,0.6809720994562465,0.800203756405886,0.006111726216919471,0.19368451737719453,0,0,0,0.0018138100735777673
0,0,2,0,1,0,716,1,0,0,300.0,5.0,1,0,1.0,0,38.3139294609386,0,0,1.1519216037950009,1.1536249858517231,0,0,0,0.0018906926847775,0.0012875090350603197,0.6809720994475769,0.8002037564060442,0.006111726216765915,0.1936845173771898,0,0,0,0.0018138100735778716
1,0,2,0,1,0,716,1,0,0,300.0,5.0,1,0,1.0,0,38.313929463962246,0,0,1.1527070771990529,1.1544116207595603,0,0,0,0.0018919819121123091,0.001288386962951582,0.6809720994721078,0.8002037564059317,0.006111726216895293,0.193684517377173,0,0,0,0.0018138100735779162
0,0,2,0,1,0,716,1,0,0,600.0,10.0,0,0,1.0,0,38.31392946231772,0,0,1.1522795410424163,1.1539834523920032,0,0,0,0.0018912801807781415,0.001287909103466429,0.680972099458752,0.8002037564059118,0.0061117262168673605,0.19368451737722087,0,0,0,0.0018138100735779318
0,0,2,0,1,0,107,1,0,0,300.0,5.0,1,0,1.0,0,38.31393389172239,0,0,1160.5120977329818,1162.2281828184396,0,0,0,1.9047925887932056,1.2971106768076928,0.6809721354288705,0.800203756405872,0.0061117262168850755,0.19368451737724285,0,0,0,0.0018138100737352726
1,0,2,0,1,0,716,1,0,0,300.0,5.0,1,0,1.0,0,38.313929465224255,0,0,1.1530351863425168,1.1547402150881505,0,0,0,0.0018925204501129,0.0012887536923237928,0.6809720994823073,0.8002037564059533,0.006111726216932586,0.19368451737711412,0,0,0,0.0018138100735778425
0,0,2,0,1,0,716,1,0,0,300.0,5.0,1,0,1.0,0,38.31392946697881,0,0,1.153492550603103,1.1551982556673956,0,0,0,0.0018932711394470867,0.001289264890842807,0.6809720994965969,0.8002037564059997,0.006111726216800341,0.19368451737719988,0,0,0,0.001813810073577771
0,0,2,0,1,0,716,1,0,0,300.0,5.0,1,0,1.0,0,38.31392946995542,0,0,1.1542680813058386,1.1559749331713354,0,0,0,0.001894544047448424,0.0012901317057227514,0.6809720995207758,0.8002037564060138,0.006111726216908194,0.19368451737707804,0,0,0,0.0018138100735779633
0,0,2,0,1,0,716,1,0,0,600.0,10.0,0,0,1.0,0,38.313929472049914,0,0,1.1548149298782795,1.1565225903856522,0,0,0,0.0018954416107827634,0.0012907429213432592,0.6809720995378007,0.8002037564061398,0.006111726216746808,0.19368451737711337,0,0,0,0.0018138100735780977
0,0,2,0,1,0,716,1,0,0,300.0,5.0,1,0,1.0,0,38.31392947528716,0,0,1.1556600594902335,1.1573689697168685,0,0,0,0.0018968287541176743,0.0012916875273021882,0.6809720995640524,0.8002037564061255,0.0061117262167799434,0.19368451737709452,0,0,0,0.0018138100735782174
1,0,2,0,1,0,107,1,0,0,600.0,10.0,0,0,1.0,0,38.31393389172288,0,0,1159.9751918618592,1161.6904830080198,0,0,0,1.9039113447922935,1.2965105741985448,0.6809721354288636,0.8002037564059642,0.006111726216929344,0.1936845173771064,0,0,0,0.0018138100737355653
1,0,2,0,1,0,716,1,0,0,600.0,10.0,0,0,1.0,0,38.3139294807191,0,0,1.1570818657785813,1.1587928784740913,0,0,0,0.0018991624187869593,0.00129327668791548,0.6809720996081613,0.8002037564059037,0.006111726216939288,0.19368451737715706,0,0,0,0.0018138100735782174
0,0,2,0,1,0,716,1,0,0,600.0,10.0,0,0,1.0,0,38.31392947475168,0,0,1.1555208616717938,1.1572295660623153,0,0,0,0.0018966002834507492,0.0012915319451442698,0.6809720995597427,0.8002037564060018,0.006111726216927836,0.19368451737707038,0,0,0,0.0018138100735779806
1,0,2,0,1,0,716,1,0,0,900.0,15.0,0,1,1.0,0,38.313929479238304,0,0,1.1566941004272133,1.1584045397221223,0,0,0,0.0018985259647862351,0.0012928432804755368,0.68097209959617,0.800203756406009,0.006111726216773067,0.19368451737721784,0,0,0,0.0018138100735782174
1,0,2,0,1,0,716,1,0,0,600.0,10.0,0,0,1.0,0,38.313929475667436,0,0,1.1557594865034044,1.1574685437558354,0,0,0,0.0018969919474511718,0.001291798657415055,0.6809720995671731,0.8002037564061238,0.006111726216770598,0.19368451737710557,0,0,0,0.0018138100735782773
0,0,2,0,1,0,716,1,0,0,900.0,15.0,0,1,1.0,0,38.31392947509559,0,0,1.1556103459836484,1.1573191826973845,0,0,0,0.0018967471574509334,0.0012916319622457916,0.6809720995625083,0.8002037564059462,0.0061117262168958,0.19368451737715797,0,0,0,0.0018138100735779943
1,0,2,0,1,0,107,1,0,0,300.0,5.0,1,0,1.0,0,38.313933891725284,0,0,1161.2080868251808,1162.925201091206,0,0,0,1.9059349421278446,1.2978885875974913,0.6809721354289203,0.8002037564058921,0.006111726216955877,0.193684517377152,0,0,0,0.0018138100737352474
1,0,2,0,1,1,188,0,0,0,600.0,10.0,0,0,1.0,0,38.31392824776038,0,0,0.904507424220056,0.9058449472871752,0,0,0,0.0014846023936574335,0.0010109728623248183,0.680972089595652,0.8002037564060213,0.006111726216839261,0.19368451737713943,0,0,0,0.0018138100735343855
0,0,2,0,1,0,869,1,0,0,600.0,10.0,0,0,1.0,0,38.313929971533774,0,0,1.301787940747788,1.3037129347861172,0,0,0,0.0021366739963855075,0.0014550154541103269,0.6809721035939432,0.8002037564060694,0.006111726216851025,0.1936845173770795,0,0,0,0.0018138100735958995
1,0,2,0,1,0,869,1,0,0,900.0,15.0,0,1,1.0,0,38.31392997195334,0,0,1.3019271385662265,1.303852338440669,0,0,0,0.0021369024670523213,0.0014551710362683042,0.6809721035974005,0.8002037564059795,0.006111726216919575,0.19368451737710093,0,0,0,0.0018138100735959385
0,0,2,0,1,1,188,0,0,0,900.0,15.0,0,1,1.0,0,38.313928218114434,0,0,0.8997846410944293,0.9011151804362608,0,0,0,0.0014768507103155026,0.001005694181965993,0.6809720893548783,0.8002037564060653,0.00611172621682445,0.19368451737711023,0,0,0,0.001813810073533378
0,0,2,0,1,0,869,1,0,0,900.0,15.0,0,1,1.0,0,38.313929963603584,0,0,1.2991630676000707,1.3010841801573978,0,0,0,0.0021323656923806383,0.0014520816191319163,0.6809721035295582,0.8002037564060367,0.006111726216788845,0.19368451737717443,0,0,0,0.0018138100735954324
0,0,2,0,1,0,869,1,0,0,900.0,15.0,0,1,1.0,0,38.313929961886096,0,0,1.2985963336249953,1.3005166081352875,0,0,0,0.0021314354903796406,0.0014514481774889636,0.6809721035156586,0.800203756405949,0.0061117262168944,0.19368451737715658,0,0,0,0.0018138100735954135
1,0,2,0,1,0,869,1,0,0,1800.0,30.0,0,1,1.0,0,38.313929963812676,0,0,1.2992326665092895,1.301153881984674,0,0,0,0.0021324799277141642,0.0014521594102109283,0.6809721035312667,0.8002037564058514,0.006111726216921476,0.1936845173772271,0,0,0,0.0018138100735953667
1,0,2,0,1,0,869,1,0,0,1800.0,30.0,0,1,1.0,0,38.313929960019486,0,0,1.2979798861433343,1.299899249093694,0,0,0,0.002130423691711823,0.0014507591707894156,0.6809721035004551,0.8002037564059823,0.0061117262169064525,0.19368451737711126,0,0,0,0.0018138100735953682
0,0,2,0,1,0,107,1,0,0,1800.0,30.0,0,1,1.0,0,38.31393389174005,0,0,1164.528949065095,1166.2509739926916,0,0,0,1.9113855994673128,1.3016003333655841,0.6809721354289956,0.8002037564060173,0.006111726216961027,0.19368451737702172,0,0,0,0.0018138100737354465
1,0,2,0,1,0,869,1,0,0,900.0,15.0,0,1,1.0,0,38.31392994861837,0,0,1.294231487746784,1.2961453078246528,0,0,0,0.002124271303038288,0.0014465695655362213,0.680972103407894,0.8002037564060223,0.0061117262168753125,0.19368451737710243,0,0,0,0.0018138100735950707
0,0,2,0,1,1,716,1,0,0,300.0,5.0,1,0,1.0,0,38.31392947361173,0,0,1.155222580632281,1.156930843945415,0,0,0,0.001896110703450225,0.0012911985548057958,0.6809720995504529,0.8002037564058716,0.006111726216953172,0.19368451737717524,0,0,0,0.0018138100735781873
1,0,2,0,1,0,869,1,0,0,600.0,10.0,0,0,1.0,0,38.31392994528042,0,0,1.2931377906019026,1.2950499933960204,0,0,0,0.0021224761763696414,0.001445347134295246,0.6809721033807826,0.8002037564060387,0.006111726216766094,0.1936845173771952,0,0,0,0.001813810073594845
0,0,2,0,1,0,533,1,0,0,300.0,5.0,1,0,1.0,0,38.3139338947468,0,0,3705.127760418098,3710.6066472834636,0,0,0,6.081366934789425,4.141241428127553,0.6809721354534335,0.8002037564060724,0.006111726216803458,0.19368451737712414,0,0,0,0.0018138100737354237
1,0,2,0,1,1,716,1,0,0,600.0,10.0,0,0,1.0,0,38.31392946044173,0,0,1.1517923486778792,1.1534955396010673,0,0,0,0.0018904805334439359,0.0012873645659136133,0.6809720994435098,0.8002037564059742,0.006111726216937039,0.19368451737708875,0,0,0,0.0018138100735776764
1,0,2,0,1,0,869,1,0,0,600.0,10.0,0,0,1.0,0,38.31392993687963,0,0,1.2903936050383806,1.2923017499205416,0,0,0,0.0021179720403646,0.00144227994318138,0.6809721033125098,0.8002037564059107,0.006111726216872676,0.19368451737721668,0,0,0,0.0018138100735945848
1,0,2,0,1,0,869,1,0,0,600.0,10.0,0,0,1.0,0,38.31392993501744,0,0,1.2897871002580368,1.291694348282845,0,0,0,0.002116976561030191,0.0014416020494932493,0.6809721032974062,0.8002037564058713,0.0061117262169026465,0.19368451737722606,0,0,0,0.0018138100735945791
0,0,2,0,1,1,264,1,0,0,600.0,10.0,0,0,1.0,0,38.31393386313869,0,0,154.88541257766326,155.11444642142814,0,0,0,0.2542193110838196,0.17311626714509395,0.680972135196755,0.800203756406016,0.006111726216886925,0.193684517377097,0,0,0,0.0018138100737341964
0,0,2,0,1,0,869,1,0,0,600.0,10.0,0,0,1.0,0,38.31392993309092,0,0,1.2891607100750582,1.2910670318373543,0,0,0,0.0021159484430290443,0.0014409019297825555,0.6809721032818032,0.8002037564060179,0.006111726216895691,0.1936845173770864,0,0,0,0.0018138100735943224
0,0,2,0,1,0,869,1,0,0,1800.0,30.0,0,1,1.0,0,38.31392993864581,0,0,1.290970281714772,1.292879279346547,0,0,0,0.0021189185616989742,0.001442924497835824,0.6809721033269251,0.8002037564060874,0.006111726216785528,0.19368451737712702,0,0,0,0.0018138100735948192
1,0,2,0,1,0,533,1,0,0,1800.0,30.0,0,1,1.0,0,38.31393389474936,0,0,3711.192808221536,3716.680663660427,0,0,0,6.091321728133964,4.148020365009428,0.680972135453441,0.8002037564060487,0.006111726216829624,0.19368451737712172,0,0,0,0.0018138100737355417
1,0,2,0,1,0,869,1,0,0,900.0,15.0,0,1,1.0,0,38.31392995968774,0,0,1.297870516428847,1.2997897176508317,0,0,0,0.0021302441790449966,0.001450636927665334,0.6809721034977569,0.8002037564059358,0.006111726216894593,0.19368451737716963,0,0,0,0.0018138100735954476
1,0,2,0,1,0,869,1,0,0,600.0,10.0,0,0,1.0,0,38.31392995189106,0,0,1.2953052994890317,1.2972207074454924,0,0,0,0.0021260337910402605,0.0014477697707546272,0.680972103434456,0.8002037564058294,0.006111726216946339,0.19368451737722425,0,0,0,0.0018138100735952164
0,0,2,0,1,1,466,1,0,0,600.0,10.0,0,0,1.0,0,38.31393025122924,0,0,1.4016822608807833,1.4037549717358835,0,0,0,0.002300634338568546,0.0015666678784582112,0.6809721058652809,0.8002037564059227,0.006111726216929117,0.19368451737714823,0,0,0,0.00181381007360577
1,0,2,0,1,0,716,1,0,0,300.0,5.0,1,0,1.0,0,38.313929450038295,0,0,1.1490978766209414,1.150797083145072,0,0,0,0.0018860579941056515,0.001284352939856228,0.6809720993590361,0.8002037564058294,0.006111726216939229,0.19368451737723139,0,0,0,0.001813810073576988
1,0,2,0,1,0,716,1,0,0,300.0,5.0,1,0,1.0,0,38.313929445073505,0,0,1.1478152681510352,1.149512578042402,0,0,0,0.001883952800103339,0.0012829193614008914,0.6809720993186827,0.800203756405996,0.006111726216855152,0.19368451737714892,0,0,0,0.0018138100735772236
1,0,2,0,1,1,7,1,0,0,300.0,5.0,1,0,1.0,0,38.31393361472186,0,0,18.15527317802818,18.182119941266645,0,0,0,0.02979893950660184,0.020292247470391635,0.6809721331793955,0.8002037564059861,0.006111726216754484,0.19368451737725945,0,0,0,0.0018138100737254753
0,0,2,0,1,0,716,1,0,0,600.0,10.0,0,0,1.0,0,38.31392944364412,0,0,1.1474473882023015,1.1491441540982252,0,0,0,0.0018833489847693366,0.0012825081799835273,0.6809720993071249,0.800203756405848,0.0061117262169571905,0.19368451737719486,0,0,0,0.0018138100735769255
1,0,2,0,1,0,869,1,0,0,900.0,15.0,0,1,1.0,0,38.31392993645049,0,0,1.2902544072199404,1.2921623462659884,0,0,0,0.002117743569697707,0.0014421243610235031,0.6809721033090639,0.8002037564060014,0.006111726216803508,0.19368451737719505,0,0,0,0.0018138100735945477
0,0,2,0,1,0,716,1,0,0,900.0,15.0,0,1,1.0,0,38.31392944433903,0,0,1.1476263568260097,1.149323387368365,0,0,0,0.0018836427327696573,0.0012827082141865893,0.6809720993127608,0.8002037564058722,0.006111726216895439,0.1936845173772324,0,0,0,0.0018138100735771501
1,0,2,0,1,0,716,1,0,0,600.0,10.0,0,0,1.0,0,38.313929446073914,0,0,1.1480737783852795,1.1497714705437152,0,0,0,0.0018843771027704831,0.001283208299694224,0.6809720993268239,0.8002037564060459,0.006111726216741144,0.1936845173772129,0,0,0,0.0018138100735770302
1,0,2,0,1,0,716,1,0,0,600.0,10.0,0,0,1.0,0,38.31392944368252,0,0,1.1474573309036185,1.149154111502122,0,0,0,0.0018833653041026338,0.001282519292994739,0.6809720993074205,0.8002037564060837,0.0061117262167546945,0.19368451737716166,0,0,0,0.00181381007357697
1,0,2,0,1,0,716,1,0,0,900.0,15.0,0,1,1.0,0,38.31392944082684,0,0,1.1467215710061525,1.1484172636137686,0,0,0,0.0018821576734346765,0.0012816969301598978,0.6809720992842055,0.8002037564058329,0.006111726216957449,0.19368451737720965,0,0,0,0.001813810073576953
1,0,2,0,1,0,466,1,0,0,300.0,5.0,1,0,1.0,0,38.31393024387053,0,0,1.3988585337067239,1.4009270690292315,0,0,0,0.0022959996478967293,0.0015635117832542714,0.6809721058055603,0.8002037564059319,0.006111726216885842,0.19368451737718229,0,0,0,0.0018138100736055796
0,0,2,0,1,0,716,1,0,0,900.0,15.0,0,1,1.0,0,38.313929437889065,0,0,1.1459659257060524,1.1476605009176226,0,0,0,0.0018809174040999338,0.0012808523413025406,0.6809720992603876,0.8002037564059727,0.006111726216893268,0.193684517377134,0,0,0,0.0018138100735766523
1,0,2,0,1,0,716,1,0,0,600.0,10.0,0,0,1.0,0,38.31392944541722,0,0,1.1479047524628885,1.149602194677472,0,0,0,0.0018840996741034915,0.0012830193785024445,0.6809720993215137,0.800203756406076,0.006111726216825678,0.19368451737709827,0,0,0,0.0018138100735770454
1,0,2,0,1,0,716,1,0,0,900.0,15.0,0,1,1.0,0,38.313929444571215,0,0,1.1476860130339126,1.1493831317917456,0,0,0,0.0018837406487696798,0.0012827748922541664,0.6809720993146111,0.8002037564059256,0.006111726216800225,0.19368451737727418,0,0,0,0.0018138100735770298
0,0,2,0,1,0,716,1,0,0,900.0,15.0,0,1,1.0,0,38.31392944406783,0,0,1.1475567579167896,1.1492536855410884,0,0,0,0.001883528497436163,0.0012826304231076057,0.6809720993105743,0.800203756406082,0.0061117262167452845,0.19368451737717277,0,0,0,0.0018138100735770302
0,0,2,0,1,0,716,1,0,0,300.0,5.0,1,0,1.0,0,38.31392945034635,0,0,1.1491774182314778,1.1508767423762443,0,0,0,0.0018861885487725224,0.001284441843946554,0.6809720993615522,0.8002037564059005,0.006111726216885593,0.19368451737721393,0,0,0,0.0018138100735771534
0,0,2,0,1,0,716,1,0,0,900.0,15.0,0,1,1.0,0,38.31392944634375,0,0,1.1481433772944996,1.1498411723709916,0,0,0,0.0018844913381039139,0.0012832860907732236,0.6809720993290398,0.8002037564060176,0.0061117262168926155,0.1936845173770898,0,0,0,0.0018138100735771497
1,0,2,0,1,0,716,1,0,0,900.0,15.0,0,1,1.0,0,38.31392945104101,0,0,1.1493563868551862,1.1510559756463838,0,0,0,0.0018864822967727957,0.001284641878149585,0.680972099367172,0.8002037564061057,0.006111726216825328,0.1936845173770689,0,0,0,0.0018138100735775708
0,0,2,0,1,0,716,1,0,0,900.0,15.0,0,1,1.0,0,38.31392944661451,0,0,1.1482129762037196,1.1499108741982689,0,0,0,0.0018846055734373288,0.001283363881852133,0.6809720993312134,0.8002037564059439,0.006111726216818884,0.1936845173772372,0,0,0,0.0018138100735772683
0,0,2,0,1,1,533,1,0,0,600.0,10.0,0,0,1.0,0,38.313933894755586,0,0,3728.1848847724764,3733.697866919824,0,0,0,6.119211468831671,4.167012501289874,0.6809721354534878,0.8002037564059623,0.0061117262168411185,0.19368451737719658,0,0,0,0.001813810073735363
0,0,2,0,1,1,264,1,0,0,300.0,5.0,1,0,1.0,0,38.3139338632402,0,0,155.35669662009423,155.5864273661299,0,0,0,0.25499284748468654,0.17364302387985334,0.6809721351975732,0.8002037564060965,0.00611172621678243,0.193684517377121,0,0,0,0.0018138100737341656
0,0,2,0,1,1,7,1,0,0,600.0,10.0,0,0,1.0,0,38.313933615311306,0,0,18.193552578099048,18.22045594626879,0,0,0,0.029861768940005615,0.020335032563827148,0.6809721331842209,0.8002037564060139,0.006111726216771327,0.19368451737721473,0,0,0,0.0018138100737254443
1,0,2,0,1,1,264,1,0,0,600.0,10.0,0,0,1.0,0,38.313933863250575,0,0,155.40641012667984,155.63621438561316,0,0,0,0.2550744441514447,0.17369858893625817,0.6809721351976419,0.8002037564059296,0.006111726216940634,0.19368451737712977,0,0,0,0.0018138100737343362
1,0,2,0,1,1,7,1,0,0,900.0,15.0,0,1,1.0,0,38.31393361498849,0,0,18.17267290533312,18.199545398085796,0,0,0,0.029827498339967055,0.02031169524013558,0.6809721331816123,0.8002037564060362,0.006111726216865752,0.19368451737709805,0,0,0,0.0018138100737254085
1,0,2,0,1,0,869,1,0,0,900.0,15.0,0,1,1.0,0,38.313929945431916,0,0,1.2931875041084877,1.295099780415503,0,0,0,0.002122557773036382,0.001445402699351627,0.6809721033820084,0.8002037564060379,0.006111726216862504,0.19368451737709952,0,0,0,0.0018138100735948712
0,0,2,0,1,0,869,1,0,0,900.0,15.0,0,1,1.0,0,38.313929943549404,0,0,1.2925710566268274,1.2944824213739106,0,0,0,0.0021215459743685644,0.0014447136926521132,0.6809721033666937,0.8002037564059505,0.006111726216872131,0.1936845173771773,0,0,0,0.0018138100735949978
1,0,2,0,1,0,716,1,0,0,1800.0,30.0,0,1,1.0,0,38.313929454881475,0,0,1.1503506569868978,1.152051716036051,0,0,0,0.0018881142301079765,0.0012857531792777586,0.6809720993983609,0.8002037564058627,0.0061117262169575436,0.1936845173771797,0,0,0,0.0018138100735773926
1,0,2,0,1,1,533,1,0,0,900.0,15.0,0,1,1.0,0,38.313933894756744,0,0,3731.0185546478515,3736.535727030373,0,0,0,6.1238624788370215,4.1701797095051765,0.6809721354534786,0.8002037564059141,0.006111726216898928,0.19368451737718695,0,0,0,0.001813810073735486
0,0,2,0,1,0,716,1,0,0,1800.0,30.0,0,1,1.0,0,38.31392944761508,0,0,1.1484714864379642,1.1501697666995812,0,0,0,0.0018850298761045683,0.0012836528201455027,0.6809720993393341,0.800203756405858,0.0061117262169286726,0.19368451737721337,0,0,0,0.0018138100735770755
0,0,2,0,1,0,466,1,0,0,900.0,15.0,0,1,1.0,0,38.31393022917135,0,0,1.393250850163875,1.3953110932315138,0,0,0,0.0022867955438864124,0.0015572440448912905,0.6809721056861697,0.8002037564060172,0.006111726216871724,0.19368451737711115,0,0,0,0.00181381007360486
1,0,2,0,1,1,264,1,0,0,300.0,5.0,1,0,1.0,0,38.31393386338774,0,0,156.05367998242366,156.28444137928594,0,0,0,0.25613683275262694,0.17442204597070285,0.6809721351987662,0.8002037564060148,0.006111726216784789,0.19368451737720035,0,0,0,0.0018138100737344514
1,0,2,0,1,1,264,1,0,0,600.0,10.0,0,0,1.0,0,38.313933863390574,0,0,156.0666054941358,156.29738600435155,0,0,0,0.2561580478859814,0.1744364928853643,0.6809721351987761,0.8002037564060186,0.0061117262168866645,0.19368451737709474,0,0,0,0.0018138100737344048
1,0,2,0,1,0,466,1,0,0,900.0,15.0,0,1,1.0,0,38.31393023418891,0,0,1.3951598488167591,1.3972229147796733,0,0,0,0.0022899288558898396,0.0015593777430573607,0.680972105726924,0.8002037564060801,0.0061117262167620715,0.19368451737715783,0,0,0,0.0018138100736051939
1,0,2,0,1,0,188,0,0,0,300.0,5.0,1,0,1.0,0,38.31392809044906,0,0,0.8799986654733819,0.8812999466819024,0,0,0,0.0014443752369458893,0.000983579289515262,0.6809720883181419,0.800203756405941,0.006111726216874975,0.19368451737718406,0,0,0,0.00181381007352887
1,0,2,0,1,0,188,0,0,0,300.0,5.0,1,0,1.0,0,38.31392808388256,0,0,0.8790043953416711,0.8803042062922362,0,0,0,0.00144274330361074,0.0009824679883871008,0.6809720882648207,0.8002037564059924,0.0061117262168490765,0.19368451737715847,0,0,0,0.0018138100735287932
0,0,2,0,1,1,264,1,0,0,600.0,10.0,0,0,1.0,0,38.31393386343039,0,0,156.25651108929264,156.48757241877786,0,0,0,0.25646974715300325,0.17464875140084923,0.6809721351990926,0.8002037564060109,0.006111726216845348,0.19368451737714368,0,0,0,0.0018138100737344158
0,0,2,0,1,1,264,1,0,0,600.0,10.0,0,0,1.0,0,38.31393386342019,0,0,156.20978039310228,156.44077262046352,0,0,0,0.2563930462862487,0.1745965202478217,0.6809721351990066,0.8002037564060861,0.0061117262168409415,0.19368451737707298,0,0,0,0.0018138100737343456
0,0,2,0,1,1,264,1,0,0,600.0,10.0,0,0,1.0,0,38.313933863419344,0,0,156.2048090424437,156.43579391851526,0,0,0,0.25638488661957737,0.17459096374218383,0.680972135198998,0.8002037564059108,0.006111726216867188,0.193684517377222,0,0,0,0.0018138100737344204
1,0,3,0,1,0,188,0,0,0,300.0,5.0,1,0,1.0,0,38.313928096477085,0,0,0.8809133939945556,0.8822160278403951,0,0,0,0.0014458766156142308,0.0009846016865531874,0.6809720883671008,0.8002037564060627,0.006111726216824024,0.19368451737711326,0,0,0,0.0018138100735289812
1,0,3,0,1,0,188,0,0,0,600.0,10.0,0,0,1.0,0,38.31392809379233,0,0,0.8805057432405542,0.8818077742806322,0,0,0,0.0014452075229467929,0.0009841460530906519,0.680972088345319,0.8002037564060007,0.0061117262168433484,0.1936845173771559,0,0,0,0.0018138100735289673
1,0,3,0,1,1,264,1,0,0,300.0,5.0,1,0,1.0,0,38.3139338633991,0,0,156.09941640848237,156.3302454372106,0,0,0,0.25621190168604563,0.1744731658225975,0.6809721351988343,0.8002037564059985,0.0061117262168795365,0.19368451737712197,0,0,0,0.0018138100737344247
1,0,3,0,1,0,188,0,0,0,600.0,10.0,0,0,1.0,0,38.3139280898593,0,0,0.8799091811615276,0.8812103300468324,0,0,0,0.0014442283629457525,0.0009834792724137556,0.6809720883133548,0.8002037564059252,0.006111726216915236,0.19368451737715958,0,0,0,0.001813810073528972
1,0,3,0,1,1,264,1,0,0,600.0,10.0,0,0,1.0,0,38.313933863389316,0,0,156.06561122400413,156.29639026396202,0,0,0,0.25615641595264754,0.17443538158424268,0.6809721351987965,0.8002037564060774,0.006111726216763637,0.19368451737715897,0,0,0,0.0018138100737344928
1,0,3,0,1,1,264,1,0,0,300.0,5.0,1,0,1.0,0,38.31393386338066,0,0,156.03081176939426,156.2615393503236,0,0,0,0.2560992982859237,0.1743964860447582,0.6809721351987262,0.800203756405831,0.006111726216950158,0.1936845173772189,0,0,0,0.0018138100737340997
1,0,3,0,1,0,188,0,0,0,600.0,10.0,0,0,1.0,0,38.313928114422076,0,0,0.8836476368567605,0.8849543139119772,0,0,0,0.0014503644322858872,0.0009876577646556518,0.6809720885128282,0.8002037564060319,0.006111726216785749,0.19368451737718229,0,0,0,0.0018138100735296317
1,0,3,0,1,1,264,1,0,0,300.0,5.0,1,0,1.0,0,38.313933863354286,0,0,155.9035451925353,156.1340845804463,0,0,0,0.25589041081902053,0.17425423950035196,0.6809721351985195,0.8002037564060602,0.006111726216825387,0.19368451737711437,0,0,0,0.0018138100737343948
0,0,3,0,1,1,264,1,0,0,600.0,10.0,0,0,1.0,0,38.31393386335926,0,0,155.9164707042475,156.14702920551204,0,0,0,0.2559116259523831,0.1742686864150158,0.6809721351985172,0.8002037564058931,0.006111726216926052,0.19368451737718084,0,0,0,0.0018138100737343469
1,0,3,0,1,1,264,1,0,0,900.0,15.0,0,1,1.0,0,38.313933863343316,0,0,155.84985460542285,156.0803145994043,0,0,0,0.2558022864189106,0.1741942292394234,0.680972135198431,0.8002037564060349,0.006111726216815844,0.19368451737714926,0,0,0,0.0018138100737342107
0,0,3,0,1,1,716,1,0,0,600.0,10.0,0,0,1.0,0,38.31392944422341,0,0,1.1475965287220582,1.1492935151566748,0,0,0,0.0018835937747696382,0.0012826748751526972,0.6809720993117835,0.8002037564060268,0.006111726216831089,0.19368451737714207,0,0,0,0.0018138100735770148
1,0,3,0,1,1,716,1,0,0,300.0,5.0,1,0,1.0,0,38.313929443761175,0,0,1.1474772163062528,1.149174026309915,0,0,0,0.0018833979427693714,0.001282541519017286,0.6809720993080259,0.8002037564060561,0.006111726216797601,0.19368451737714631,0,0,0,0.001813810073577059
0,0,3,0,1,1,716,1,0,0,600.0,10.0,0,0,1.0,0,38.313929443490764,0,0,1.1474076173970331,1.1491043244826387,0,0,0,0.0018832837074358613,0.0012824637279383918,0.680972099305892,0.800203756405903,0.006111726216871379,0.19368451737722556,0,0,0,0.0018138100735771343
1,0,3,0,1,0,869,1,0,0,300.0,5.0,1,0,1.0,0,38.313929929942276,0,0,1.2881366118393975,1.2900414192359995,0,0,0,0.0021142675516938763,0.001439757289620443,0.6809721032561608,0.8002037564058879,0.0061117262169186,0.19368451737719353,0,0,0,0.001813810073594545
0,0,3,0,1,0,107,1,0,0,600.0,10.0,0,0,1.0,0,38.31393389172432,0,0,1160.6612382527396,1162.3775438768894,0,0,0,1.9050373787934924,1.2972773719769046,0.6809721354288625,0.8002037564060862,0.00611172621683578,0.19368451737707795,0,0,0,0.0018138100737351683
0,0,3,0,1,1,716,1,0,0,600.0,10.0,0,0,1.0,0,38.31392944198561,0,0,1.1470198520456658,1.1487159857306688,0,0,0,0.0018826472534351688,0.0012820303204983466,0.6809720992936317,0.8002037564060094,0.006111726216930538,0.19368451737706008,0,0,0,0.0018138100735769387
1,0,3,0,1,1,264,1,0,0,1800.0,30.0,0,1,1.0,0,38.31393386335489,0,0,155.90056238214015,156.13109735927742,0,0,0,0.2558855150190088,0.17425090559696546,0.6809721351985234,0.8002037564059805,0.006111726216884407,0.19368451737713507,0,0,0,0.0018138100737342927
1,0,3,0,1,0,869,1,0,0,900.0,15.0,0,1,1.0,0,38.313929925222006,0,0,1.2866054358365615,1.2885079790359124,0,0,0,0.0021117543743576377,0.001438045885883051,0.6809721032178618,0.8002037564059998,0.006111726216764723,0.19368451737723547,0,0,0,0.0018138100735941248
0,0,3,0,1,1,84,1,0,0,300.0,5.0,1,0,1.0,0,38.31392625545072,0,0,0.6686566062769096,0.669645369454446,0,0,0,0.0010974914872252661,0.0007473611217100476,0.6809720734165844,0.8002037564060818,0.0061117262167777,0.19368451737714054,0,0,0,0.0018138100734635405
0,0,3,0,1,1,264,1,0,0,1800.0,30.0,0,1,1.0,0,38.31393386335204,0,0,155.88763687042797,156.11815273421166,0,0,0,0.2558642998856503,0.17423645868230161,0.6809721351985148,0.8002037564059767,0.006111726216782422,0.19368451737724082,0,0,0,0.001813810073734339
1,0,3,0,1,1,84,1,0,0,600.0,10.0,0,0,1.0,0,38.31392625522335,0,0,0.668636720874275,0.6696254546466522,0,0,0,0.0010974588485585682,0.0007473388956874678,0.680972073414721,0.8002037564059734,0.0061117262168974154,0.1936845173771292,0,0,0,0.001813810073463551
0,0,3,0,1,1,84,1,0,0,600.0,10.0,0,0,1.0,0,38.31392626146863,0,0,0.669183569446716,0.6701731118609685,0,0,0,0.0010983564118928757,0.0007479501113079505,0.6809720734654315,0.8002037564061131,0.006111726216809733,0.19368451737707718,0,0,0,0.001813810073463876
0,0,3,0,1,0,716,1,0,0,300.0,5.0,1,0,1.0,0,38.31392944295012,0,0,1.1472684195785936,1.1489649208280857,0,0,0,0.001883055236768984,0.0012823081457804144,0.6809720993014715,0.8002037564060052,0.0061117262167935905,0.19368451737720124,0,0,0,0.0018138100735770892
1,0,3,0,1,0,869,1,0,0,1800.0,30.0,0,1,1.0,0,38.313929916857354,0,0,1.2839010210783082,1.2857995651760206,0,0,0,0.0021073155156860084,0.0014350231468144379,0.6809721031499524,0.8002037564059838,0.006111726216949773,0.19368451737706632,0,0,0,0.0018138100735940227
0,0,3,0,1,1,84,1,0,0,900.0,15.0,0,1,1.0,0,38.31392622247371,0,0,0.6657831655962647,0.6667676797283103,0,0,0,0.0010927751998866847,0.0007441494614496136,0.6809720731487783,0.800203756405947,0.0061117262168884235,0.19368451737716463,0,0,0,0.0018138100734623082
0,0,3,0,1,1,84,1,0,0,600.0,10.0,0,0,1.0,0,38.313926218002386,0,0,0.6653954002448974,0.6663793409763403,0,0,0,0.0010921387458859763,0.0007437160540096445,0.6809720731124799,0.8002037564060912,0.006111726216796122,0.1936845173771127,0,0,0,0.0018138100734622399
1,0,3,0,1,0,188,0,0,0,300.0,5.0,1,0,1.0,0,38.313928004916605,0,0,0.8672222942808967,0.8685046826746915,0,0,0,0.0014234048935891483,0.0009692990700182021,0.6809720876235599,0.8002037564060158,0.0061117262168104295,0.1936845173771738,0,0,0,0.0018138100735258047
1,0,3,0,1,0,869,1,0,0,1800.0,30.0,0,1,1.0,0,38.31392993159419,0,0,1.2886735177105206,1.290579119046419,0,0,0,0.002115148795694791,0.0014403573922297426,0.680972103269642,0.8002037564061141,0.006111726216754871,0.19368451737713105,0,0,0,0.0018138100735944462
1,0,3,0,1,0,188,0,0,0,1800.0,30.0,0,1,1.0,0,38.31392799137668,0,0,0.8652337540174743,0.8665132018953584,0,0,0,0.001420141026918834,0.0009670764677618384,0.6809720875136026,0.8002037564058799,0.0061117262169061585,0.1936845173772139,0,0,0,0.0018138100735252567
1,0,3,0,1,0,188,0,0,0,900.0,15.0,0,1,1.0,0,38.313927974296604,0,0,0.8627381359868799,0.8640138935172961,0,0,0,0.0014160448742475842,0.000964287101930089,0.6809720873748824,0.8002037564059237,0.006111726216885755,0.19368451737719064,0,0,0,0.0018138100735246036
1,0,3,0,1,0,188,0,0,0,1800.0,30.0,0,1,1.0,0,38.313927954713265,0,0,0.8598945234101868,0.8611660760028504,0,0,0,0.0014113775449090696,0.0009611087807035474,0.6809720872158694,0.8002037564060056,0.006111726216908305,0.19368451737708609,0,0,0,0.0018138100735240342
1,0,3,0,1,0,869,1,0,0,900.0,15.0,0,1,1.0,0,38.31392992932934,0,0,1.2879377578130542,1.2898422711580648,0,0,0,0.0021139411650267703,0.0014395350293948332,0.6809721032512241,0.8002037564058908,0.006111726216935394,0.19368451737717374,0,0,0,0.0018138100735944423
1,0,3,0,1,0,264,1,0,0,300.0,5.0,1,0,1.0,0,38.31393386328542,0,0,155.56847615814874,155.79852006912878,0,0,0,0.2553404492850656,0.17387973102015244,0.680972135197951,0.8002037564059469,0.006111726216878568,0.19368451737717451,0,0,0,0.0018138100737344347
0,0,3,0,1,1,107,1,0,0,900.0,15.0,0,1,1.0,0,38.31393389173409,0,0,1163.2363978938706,1164.9565114861252,0,0,0,1.9092640861315755,1.3001556418989786,0.6809721354289813,0.8002037564060589,0.006111726216865167,0.19368451737707595,0,0,0,0.0018138100737354916
1,0,3,0,1,1,533,1,0,0,900.0,15.0,0,1,1.0,0,38.31393389476325,0,0,3746.3700854814706,3751.909958646822,0,0,0,6.149059529531736,4.187338198924259,0.6809721354535392,0.8002037564059523,0.006111726216869078,0.19368451737717857,0,0,0,0.0018138100737355386
1,0,3,0,1,1,869,1,0,0,300.0,5.0,1,0,1.0,0,38.313929925222006,0,0,1.2866054358365615,1.2885079790359124,0,0,0,0.0021117543743576377,0.001438045885883051,0.6809721032178618,0.8002037564059998,0.006111726216764723,0.19368451737723547,0,0,0,0.0018138100735941248
0,0,3,0,1,1,869,1,0,0,300.0,5.0,1,0,1.0,0,38.31392992700025,0,0,1.2871821125129534,1.2890855084619188,0,0,0,0.002112700895692012,0.0014386904405374358,0.6809721032323341,0.8002037564060154,0.006111726216878241,0.19368451737710637,0,0,0,0.0018138100735943582
0,0,3,0,1,0,264,1,0,0,600.0,10.0,0,0,1.0,0,38.31393386333064,0,0,155.78622131699345,156.0165872144658,0,0,0,0.25569784268547024,0.17412310596722108,0.6809721351983007,0.8002037564060428,0.006111726216860232,0.1936845173770969,0,0,0,0.001813810073734357
1,0,3,0,1,0,264,1,0,0,600.0,10.0,0,0,1.0,0,38.31393386335913,0,0,155.91050508345725,156.14105476317405,0,0,0,0.2559018343523657,0.17426201860824195,0.6809721351985055,0.8002037564059472,0.006111726216830506,0.19368451737722225,0,0,0,0.001813810073734509
0,0,3,0,1,0,264,1,0,0,900.0,15.0,0,1,1.0,0,38.31393386334769,0,0,155.86178584700343,156.09226348408043,0,0,0,0.2558218696189414,0.17420756485296518,0.680972135198442,0.8002037564060975,0.006111726216794662,0.19368451737710782,0,0,0,0.0018138100737344336
1,0,3,0,1,0,188,0,0,0,600.0,10.0,0,0,1.0,0,38.31392790937334,0,0,0.8533820540474804,0.854643976450537,0,0,0,0.0014006883815637877,0.000953829758313988,0.680972086847671,0.8002037564060012,0.006111726216814455,0.19368451737718437,0,0,0,0.0018138100735225276
1,0,3,0,1,0,188,0,0,0,1800.0,30.0,0,1,1.0,0,38.31392788809305,0,0,0.8503594728470791,0.8516169256659514,0,0,0,0.0013957273042248966,0.0009504514028842969,0.680972086674848,0.8002037564058988,0.006111726216920329,0.19368451737718093,0,0,0,0.001813810073521631
0,0,3,0,1,0,466,1,0,0,300.0,5.0,1,0,1.0,0,38.31393022038312,0,0,1.389920045222643,1.3919753629261322,0,0,0,0.002281328567213668,0.0015535211861119158,0.6809721056148083,0.8002037564059887,0.006111726216848089,0.19368451737716316,0,0,0,0.0018138100736045514
0,0,3,0,1,0,188,0,0,0,300.0,5.0,1,0,1.0,0,38.31392786991456,0,0,0.847794255907265,0.8490479154606124,0,0,0,0.0013915169162201924,0.0009475842459736122,0.6809720865272317,0.8002037564059817,0.006111726216847916,0.19368451737717038,0,0,0,0.0018138100735210518
0,0,3,0,1,0,188,0,0,0,1800.0,30.0,0,1,1.0,0,38.31392787259953,0,0,0.8481720785573155,0.8494262968086861,0,0,0,0.0013921370508875716,0.0009480065404023434,0.6809720865490385,0.8002037564060098,0.006111726216892259,0.19368451737709785,0,0,0,0.0018138100735212795
0,0,3,0,1,1,264,1,0,0,300.0,5.0,1,0,1.0,0,38.31393386343904,0,0,156.30423605561467,156.5353679574818,0,0,0,0.2565480799530856,0.1747020938550059,0.6809721351992035,0.8002037564060903,0.006111726216759548,0.19368451737715017,0,0,0,0.0018138100737343967
0,0,3,0,1,0,188,0,0,0,900.0,15.0,0,1,1.0,0,38.313927912368804,0,0,0.8538095902041161,0.8550721448180933,0,0,0,0.001401390112897884,0.0009543076177990956,0.6809720868720194,0.8002037564059976,0.0061117262168531245,0.19368451737714926,0,0,0,0.001813810073522406
0,0,3,0,1,0,188,0,0,0,900.0,15.0,0,1,1.0,0,38.313927957390874,0,0,0.860282288761554,0.8615544147548206,0,0,0,0.0014120139989097463,0.0009615421881435214,0.680972087237623,0.8002037564059848,0.006111726216830335,0.19368451737718487,0,0,0,0.0018138100735240587
1,0,3,0,1,0,716,1,0,0,600.0,10.0,0,0,1.0,0,38.31392944857815,0,0,1.1487200539708917,1.1504187017969982,0,0,0,0.0018854378594382723,0.0012839306454274933,0.6809720993471534,0.8002037564059897,0.006111726216794667,0.19368451737721556,0,0,0,0.0018138100735772256
0,0,3,0,1,0,716,1,0,0,900.0,15.0,0,1,1.0,0,38.31392944564761,0,0,1.1479644086707912,1.149661939100852,0,0,0,0.001884197590103609,0.0012830860565701363,0.6809720993233896,0.8002037564059481,0.006111726216955724,0.19368451737709616,0,0,0,0.0018138100735769266
1,0,3,0,1,0,188,0,0,0,600.0,10.0,0,0,1.0,0,38.31392796678002,0,0,0.8616444388419979,0.8629185790886633,0,0,0,0.0014142497475789456,0.0009630646706891045,0.6809720873138329,0.8002037564060085,0.006111726216870972,0.19368451737712053,0,0,0,0.0018138100735244354
0,0,3,0,1,1,264,1,0,0,600.0,10.0,0,0,1.0,0,38.313933863422605,0,0,156.22668298534128,156.4577002070879,0,0,0,0.2564207891529386,0.1746154123670081,0.6809721351990846,0.8002037564061106,0.0061117262167935645,0.1936845173770958,0,0,0,0.0018138100737343133
0,0,3,0,1,0,869,1,0,0,300.0,5.0,1,0,1.0,0,38.31392989653722,0,0,1.2773786090142836,1.2792675082198095,0,0,0,0.0020966100330073495,0.0014277330114136348,0.6809721029849807,0.8002037564059932,0.006111726216766185,0.1936845173772406,0,0,0,0.0018138100735931597
1,0,3,0,1,1,264,1,0,0,600.0,10.0,0,0,1.0,0,38.31393386343136,0,0,156.26744806074146,156.49852556306416,0,0,0,0.25648769841969404,0.17466097571326566,0.6809721351991256,0.800203756405919,0.006111726216914442,0.1936845173771665,0,0,0,0.0018138100737343616
0,0,3,0,1,0,188,0,0,0,1800.0,30.0,0,1,1.0,0,38.31392796835341,0,0,0.8618731209722919,0.8631475993782864,0,0,0,0.001414625092246031,0.0009633202699485956,0.6809720873266163,0.8002037564060396,0.0061117262167824935,0.19368451737717793,0,0,0,0.0018138100735246576
0,0,3,0,1,1,264,1,0,0,600.0,10.0,0,0,1.0,0,38.313933863516844,0,0,156.67112173421614,156.90279616126872,0,0,0,0.2571502633537567,0.17511216397130136,0.6809721351998217,0.8002037564060287,0.006111726216789798,0.19368451737718148,0,0,0,0.0018138100737344637
0,0,3,0,1,1,264,1,0,0,900.0,15.0,0,1,1.0,0,38.31393386348059,0,0,156.49613019103506,156.72754585268743,0,0,0,0.25686304308676505,0.174916574972748,0.6809721351995592,0.8002037564061356,0.0061117262167523475,0.19368451737711206,0,0,0,0.0018138100737344126
1,0,3,0,1,1,264,1,0,0,900.0,15.0,0,1,1.0,0,38.31393386346175,0,0,156.41161722983955,156.6429079195658,0,0,0,0.25672432875327694,0.17482211437683995,0.680972135199365,0.8002037564060982,0.006111726216779912,0.19368451737712186,0,0,0,0.0018138100737342155
0,0,3,0,1,1,264,1,0,0,900.0,15.0,0,1,1.0,0,38.313933863513974,0,0,156.65521341210874,156.88686431503402,0,0,0,0.2571241524203986,0.17509438315325657,0.6809721351998066,0.8002037564061157,0.006111726216748339,0.19368451737713593,0,0,0,0.001813810073734592
0,0,3,0,1,0,869,1,0,0,300.0,5.0,1,0,1.0,0,38.31392988923953,0,0,1.2750520169060808,1.276937475707991,0,0,0,0.0020927913090030997,0.0014251325667736822,0.6809721029257013,0.8002037564059551,0.0061117262168812764,0.19368451737716358,0,0,0,0.001813810073592834
1,0,3,0,1,1,716,1,0,0,600.0,10.0,0,0,1.0,0,38.313929455573316,0,0,1.1505296256106057,1.1522309493061909,0,0,0,0.0018884079781083132,0.00128595321348084,0.6809720994039731,0.8002037564058869,0.006111726216895948,0.19368451737721717,0,0,0,0.0018138100735774227
1,0,3,0,1,0,869,1,0,0,900.0,15.0,0,1,1.0,0,38.31392988520524,0,0,1.2737694084361737,1.275652970605322,0,0,0,0.0020906861150007555,0.0014236989883183334,0.6809721028929341,0.8002037564060646,0.006111726216806703,0.19368451737712877,0,0,0,0.0018138100735927136
0,0,3,0,1,0,869,1,0,0,900.0,15.0,0,1,1.0,0,38.31392987660904,0,0,1.2710451082752852,1.2729246419376357,0,0,0,0.002086214617662436,0.0014206540232270862,0.6809721028230987,0.8002037564059097,0.00611172621695373,0.1936845173771366,0,0,0,0.0018138100735925274
1,0,3,0,1,1,264,1,0,0,1800.0,30.0,0,1,1.0,0,38.31393386347198,0,0,156.46133073642514,156.69269493904915,0,0,0,0.25680592542003516,0.17487767943325755,0.6809721351994822,0.8002037564059323,0.006111726216937051,0.19368451737713058,0,0,0,0.001813810073734385
1,0,3,0,1,0,869,1,0,0,1800.0,30.0,0,1,1.0,0,38.313929869015865,0,0,1.2686489172578623,1.2705249075985408,0,0,0,0.002082281658324755,0.0014179757875082337,0.6809721027614576,0.8002037564059379,0.0061117262169314195,0.19368451737713066,0,0,0,0.0018138100735920928
0,0,3,0,1,1,716,1,0,0,900.0,15.0,0,1,1.0,0,38.31392945146218,0,0,1.1494657565696746,1.1511655070892475,0,0,0,0.0018866618094396223,0.0012847641212736607,0.6809720993706087,0.8002037564059772,0.006111726216837344,0.1936845173771855,0,0,0,0.0018138100735772872
1,0,3,0,1,0,107,1,0,0,900.0,15.0,0,1,1.0,0,38.31393389174244,0,0,1165.1453965467565,1166.8683330342847,0,0,0,1.9123973981350153,1.3022893400650304,0.6809721354290357,0.8002037564060728,0.006111726216860612,0.19368451737706663,0,0,0,0.0018138100737355803
1,0,3,0,1,1,264,1,0,0,1800.0,30.0,0,1,1.0,0,38.31393386357893,0,0,156.97735693478305,157.20948420128587,0,0,0,0.2576528988209808,0.17545444471877036,0.6809721352003116,0.800203756406012,0.006111726216806643,0.1936845173771813,0,0,0,0.0018138100737342348
1,0,3,0,1,0,84,1,0,0,300.0,5.0,1,0,1.0,0,38.313926224422865,0,0,0.6659521915186557,0.6669369555945537,0,0,0,0.0010930526285536607,0.0007443383826413962,0.6809720731645882,0.8002037564058561,0.006111726216939192,0.1936845173772047,0,0,0,0.0018138100734626462
0,0,3,0,1,0,869,1,0,0,600.0,10.0,0,0,1.0,0,38.31392985638544,0,0,1.2646817794323357,1.2665519034437722,0,0,0,0.0020757702443174714,0.001413541696006761,0.6809721026588536,0.8002037564060067,0.0061117262168778035,0.19368451737711545,0,0,0,0.0018138100735917656
0,0,3,0,1,1,107,1,0,0,1800.0,30.0,0,1,1.0,0,38.313933891757266,0,0,1169.7389245552606,1171.4686536345423,0,0,0,1.9199369301434868,1.3074235512772172,0.680972135429162,0.8002037564059024,0.00611172621686299,0.19368451737723463,0,0,0,0.0018138100737353842
0,0,3,0,1,1,7,1,0,0,1800.0,30.0,0,1,1.0,0,38.31393362143858,0,0,18.599314218850267,18.626817599291577,0,0,0,0.030527760934082288,0.02078855455423641,0.6809721332339873,0.8002037564060158,0.006111726216902754,0.1936845173770814,0,0,0,0.001813810073725798
1,0,3,0,1,1,466,1,0,0,600.0,10.0,0,0,1.0,0,38.31393024568876,0,0,1.3995545227989228,1.401624087301999,0,0,0,0.002297142001231275,0.0015642896940439395,0.6809721058203041,0.800203756406071,0.006111726216832903,0.1936845173770961,0,0,0,0.0018138100736057477
0,0,3,0,1,1,466,1,0,0,300.0,5.0,1,0,1.0,0,38.313930247605,0,0,1.4002902826963872,1.4023609351903505,0,0,0,0.0022983496318993274,0.001565112056878784,0.6809721058358664,0.800203756405979,0.006111726216850335,0.19368451737717066,0,0,0,0.0018138100736055896
1,0,4,0,1,1,466,1,0,0,600.0,10.0,0,0,1.0,0,38.3139302478118,0,0,1.4003698243069245,1.4024405944215241,0,0,0,0.0022984801865661036,0.0015652009609690319,0.6809721058375574,0.8002037564060002,0.0061117262168074605,0.19368451737719233,0,0,0,0.001813810073605563
0,0,4,0,1,1,188,0,0,0,300.0,5.0,1,0,1.0,0,38.3139280526168,0,0,0.874301497618678,0.8755943542491149,0,0,0,0.0014350242589354514,0.0009772115340508246,0.6809720880109327,0.800203756405942,0.006111726216892017,0.19368451737716602,0,0,0,0.0018138100735274637
1,0,4,0,1,1,466,1,0,0,600.0,10.0,0,0,1.0,0,38.31393024568876,0,0,1.3995545227989228,1.401624087301999,0,0,0,0.002297142001231275,0.0015642896940439395,0.6809721058203041,0.800203756406071,0.006111726216832903,0.1936845173770961,0,0,0,0.0018138100736057477
1,0,4,0,1,1,466,1,0,0,600.0,10.0,0,0,1.0,0,38.313930245505084,0,0,1.3994849238897022,1.4015543854747219,0,0,0,0.0022970277658978127,0.0015642119029650398,0.6809721058188619,0.8002037564059455,0.0061117262168933935,0.19368451737716108,0,0,0,0.0018138100736056525
0,0,4,0,1,1,264,1,0,0,1800.0,30.0,0,1,1.0,0,38.3139338636891,0,0,157.50332583445817,157.73623086741932,0,0,0,0.2585161915552833,0.17604232301558076,0.6809721352011994,0.8002037564061005,0.006111726216833874,0.19368451737706557,0,0,0,0.0018138100737344804
1,0,4,0,1,0,716,1,0,0,300.0,5.0,1,0,1.0,0,38.31392943211797,0,0,1.1444844632098028,1.14617684773702,0,0,0,0.0018784858234305788,0.0012791965026215416,0.6809720992135055,0.800203756405916,0.00611172621682779,0.19368451737725625,0,0,0,0.001813810073576575
0,0,4,0,1,0,716,1,0,0,300.0,5.0,1,0,1.0,0,38.31392942889706,0,0,1.1436592190004826,1.145350383213597,0,0,0,0.0018771313187623579,0.001278274122685101,0.6809720991873338,0.8002037564059481,0.0061117262168360244,0.19368451737721593,0,0,0,0.0018138100735765428
1,0,4,0,1,0,716,1,0,0,300.0,5.0,1,0,1.0,0,38.313929428858415,0,0,1.143649276299166,1.1453404258097002,0,0,0,0.001877114999429013,0.0012782630096738338,0.6809720991870237,0.8002037564060301,0.00611172621681589,0.19368451737715395,0,0,0,0.0018138100735764974
0,0,4,0,1,0,716,1,0,0,300.0,5.0,1,0,1.0,0,38.31392942773033,0,0,1.1433609379609697,1.145051661096697,0,0,0,0.0018766417387617862,0.0012779407323466893,0.6809720991779009,0.8002037564059531,0.006111726216864379,0.1936845173771825,0,0,0,0.001813810073576557
